UF;NOME_MUNICIPIO;ENQUADRAMENTO;VALOR_BENEFICIO
AC;RIO BRANCO;BOLSA FAMILIA;2202
AC;SENADOR GUIOMARD;BOLSA FAMILIA;2400
AL;ANADIA;BOLSA FAMILIA;1200
AL;ARAPIRACA;BOLSA FAMILIA;1200
AL;ARAPIRACA;BOLSA FAMILIA;1200
AL;ARAPIRACA;BOLSA FAMILIA;1200
AL;COLONIA LEOPOLDINA;EXTRACAD;300
AL;FEIRA GRANDE;BOLSA FAMILIA;1200
AL;LIMOEIRO DE ANADIA;BOLSA FAMILIA;1200
AL;LIMOEIRO DE ANADIA;BOLSA FAMILIA;2400
AL;MACEIO;BOLSA FAMILIA;600
AL;MACEIO;EXTRACAD;1200
AL;MACEIO;EXTRACAD;1200
AL;MACEIO;EXTRACAD;1200
AL;MACEIO;EXTRACAD;1200
AL;MACEIO;EXTRACAD;1200
AL;MACEIO;EXTRACAD;600
AL;MACEIO;EXTRACAD;600
AL;MACEIO;EXTRACAD;600
AL;MACEIO;EXTRACAD;300
AL;MACEIO;EXTRACAD;300
AL;MACEIO;BOLSA FAMILIA;1200
AL;MACEIO;BOLSA FAMILIA;600
AL;MACEIO;EXTRACAD;300
AL;MACEIO;EXTRACAD;600
AL;MACEIO;EXTRACAD;300
AL;MACEIO;EXTRACAD;600
AL;MACEIO;EXTRACAD;300
AL;MACEIO;EXTRACAD;600
AL;MACEIO;EXTRACAD;600
AL;MACEIO;EXTRACAD;600
AL;MACEIO;EXTRACAD;300
AL;MACEIO;EXTRACAD;300
AL;MACEIO;EXTRACAD;300
AL;MACEIO;EXTRACAD;300
AL;MACEIO;EXTRACAD;300
AL;MACEIO;BOLSA FAMILIA;1414
AL;MACEIO;BOLSA FAMILIA;1200
AL;MACEIO;EXTRACAD;600
AL;MACEIO;EXTRACAD;600
AL;MACEIO;EXTRACAD;300
AL;MACEIO;EXTRACAD;300
AL;MACEIO;EXTRACAD;600
AL;MACEIO;EXTRACAD;300
AL;MACEIO;EXTRACAD;600
AL;MACEIO;EXTRACAD;300
AL;MACEIO;EXTRACAD;600
AL;MACEIO;BOLSA FAMILIA;1800
AL;PALESTINA;BOLSA FAMILIA;1200
AL;PALESTINA;BOLSA FAMILIA;2400
AL;PAO DE ACUCAR;EXTRACAD;600
AL;PAO DE ACUCAR;EXTRACAD;600
AL;PAO DE ACUCAR;EXTRACAD;600
AL;PAO DE ACUCAR;EXTRACAD;600
AL;PAO DE ACUCAR;BOLSA FAMILIA;600
AL;PAO DE ACUCAR;BOLSA FAMILIA;1200
AL;PAO DE ACUCAR;EXTRACAD;300
AL;PAO DE ACUCAR;EXTRACAD;300
AL;PAO DE ACUCAR;EXTRACAD;300
AL;PAO DE ACUCAR;EXTRACAD;300
AL;PENEDO;BOLSA FAMILIA;3000
AL;PORTO CALVO;EXTRACAD;300
AL;PORTO CALVO;EXTRACAD;300
AL;PORTO CALVO;EXTRACAD;300
AL;PORTO CALVO;EXTRACAD;300
AL;SAO MIGUEL DOS MILAGRES;BOLSA FAMILIA;2194
AM;CANUTAMA;CADUNICO;300
AM;CANUTAMA;CADUNICO;300
AM;CANUTAMA;CADUNICO;300
AM;CANUTAMA;CADUNICO;300
AM;FONTE BOA;BOLSA FAMILIA;2400
AM;HUMAITA;BOLSA FAMILIA;1651
AM;ITACOATIARA;BOLSA FAMILIA;1200
AM;ITACOATIARA;BOLSA FAMILIA;3000
AM;MANAUS;BOLSA FAMILIA;2400
AM;MANAUS;EXTRACAD;300
AM;MANAUS;EXTRACAD;300
AM;MANAUS;EXTRACAD;300
AM;MANAUS;EXTRACAD;300
AM;MANAUS;BOLSA FAMILIA;1200
AM;MANAUS;BOLSA FAMILIA;1800
AM;MANAUS;EXTRACAD;600
AM;MANAUS;EXTRACAD;600
AM;MANAUS;EXTRACAD;600
AM;MANAUS;EXTRACAD;600
AM;MANAUS;EXTRACAD;600
AM;MANAUS;EXTRACAD;300
AM;MANAUS;EXTRACAD;300
AM;MANAUS;EXTRACAD;300
AM;MANAUS;EXTRACAD;300
AM;MANAUS;EXTRACAD;300
AM;MANAUS;EXTRACAD;300
AM;MANAUS;EXTRACAD;300
AM;MANAUS;EXTRACAD;300
AM;MANAUS;EXTRACAD;300
AM;MANAUS;EXTRACAD;300
AM;MANAUS;EXTRACAD;300
AM;MANAUS;EXTRACAD;300
AM;MAUES;BOLSA FAMILIA;3000
AM;PARINTINS;BOLSA FAMILIA;2130
AM;PARINTINS;EXTRACAD;300
AM;PARINTINS;EXTRACAD;300
AP;MACAPA;EXTRACAD;300
AP;MACAPA;EXTRACAD;300
AP;MACAPA;EXTRACAD;300
AP;MACAPA;EXTRACAD;300
AP;MACAPA;BOLSA FAMILIA;2251
BA;BOM JESUS DA LAPA;BOLSA FAMILIA;2098
BA;BRUMADO;EXTRACAD;600
BA;BRUMADO;EXTRACAD;600
BA;CACHOEIRA;BOLSA FAMILIA;2300
BA;CAMACARI;EXTRACAD;300
BA;CAMACARI;EXTRACAD;300
BA;CAMACARI;EXTRACAD;300
BA;CAMACARI;EXTRACAD;300
BA;CAMACARI;BOLSA FAMILIA;2202
BA;CAMACARI;BOLSA FAMILIA;2400
BA;CAMACARI;BOLSA FAMILIA;1200
BA;CAMACARI;BOLSA FAMILIA;600
BA;CAMACARI;BOLSA FAMILIA;1200
BA;CAMACARI;EXTRACAD;1200
BA;CAMACARI;EXTRACAD;1200
BA;CAMACARI;EXTRACAD;1200
BA;CAMPO FORMOSO;BOLSA FAMILIA;2153
BA;CAMPO FORMOSO;BOLSA FAMILIA;1200
BA;CAMPO FORMOSO;BOLSA FAMILIA;507
BA;CAMPO FORMOSO;BOLSA FAMILIA;2251
BA;CANDIBA;BOLSA FAMILIA;600
BA;CANDIBA;BOLSA FAMILIA;1200
BA;CARAIBAS;BOLSA FAMILIA;1200
BA;CURACA;BOLSA FAMILIA;999
BA;DIAS D'AVILA;BOLSA FAMILIA;1200
BA;EUNAPOLIS;EXTRACAD;600
BA;EUNAPOLIS;EXTRACAD;600
BA;FEIRA DE SANTANA;EXTRACAD;600
BA;FEIRA DE SANTANA;EXTRACAD;600
BA;FEIRA DE SANTANA;EXTRACAD;600
BA;FEIRA DE SANTANA;EXTRACAD;600
BA;FEIRA DE SANTANA;BOLSA FAMILIA;3000
BA;FEIRA DE SANTANA;CADUNICO;300
BA;FEIRA DE SANTANA;CADUNICO;300
BA;FEIRA DE SANTANA;CADUNICO;300
BA;FEIRA DE SANTANA;CADUNICO;300
BA;FEIRA DE SANTANA;EXTRACAD;600
BA;FEIRA DE SANTANA;EXTRACAD;600
BA;FEIRA DE SANTANA;EXTRACAD;600
BA;FEIRA DE SANTANA;EXTRACAD;600
BA;GUANAMBI;BOLSA FAMILIA;3000
BA;ILHEUS;CADUNICO;600
BA;ILHEUS;CADUNICO;600
BA;ILHEUS;CADUNICO;600
BA;ILHEUS;CADUNICO;600
BA;IPIRA;BOLSA FAMILIA;1200
BA;ITAPETINGA;EXTRACAD;300
BA;ITAPETINGA;EXTRACAD;300
BA;ITAPETINGA;BOLSA FAMILIA;2400
BA;ITAPETINGA;BOLSA FAMILIA;1200
BA;JAGUAQUARA;CADUNICO;1200
BA;JAGUAQUARA;CADUNICO;1200
BA;JAGUAQUARA;CADUNICO;1200
BA;JAGUAQUARA;CADUNICO;1200
BA;JEREMOABO;BOLSA FAMILIA;1200
BA;JUAZEIRO;BOLSA FAMILIA;1
BA;JUAZEIRO;BOLSA FAMILIA;2400
BA;JUAZEIRO;BOLSA FAMILIA;2400
BA;JUAZEIRO;BOLSA FAMILIA;1200
BA;LAURO DE FREITAS;BOLSA FAMILIA;1200
BA;MADRE DE DEUS;BOLSA FAMILIA;946
BA;MORTUGABA;BOLSA FAMILIA;2335
BA;OUROLANDIA;BOLSA FAMILIA;1200
BA;PAULO AFONSO;EXTRACAD;300
BA;PAULO AFONSO;EXTRACAD;300
BA;PAULO AFONSO;EXTRACAD;300
BA;PAULO AFONSO;EXTRACAD;600
BA;PAULO AFONSO;EXTRACAD;300
BA;PAULO AFONSO;EXTRACAD;600
BA;PAULO AFONSO;EXTRACAD;600
BA;PAULO AFONSO;EXTRACAD;600
BA;PAULO AFONSO;BOLSA FAMILIA;1200
BA;PAULO AFONSO;BOLSA FAMILIA;1200
BA;PAULO AFONSO;EXTRACAD;300
BA;PAULO AFONSO;EXTRACAD;300
BA;PAULO AFONSO;EXTRACAD;300
BA;PAULO AFONSO;EXTRACAD;300
BA;PAULO AFONSO;EXTRACAD;300
BA;PAULO AFONSO;EXTRACAD;300
BA;PAULO AFONSO;EXTRACAD;300
BA;PAULO AFONSO;EXTRACAD;300
BA;PAULO AFONSO;BOLSA FAMILIA;600
BA;PAULO AFONSO;BOLSA FAMILIA;900
BA;PINDAI;BOLSA FAMILIA;1200
BA;PINDAI;BOLSA FAMILIA;600
BA;POJUCA;BOLSA FAMILIA;2199
BA;PORTO SEGURO;EXTRACAD;300
BA;PORTO SEGURO;EXTRACAD;300
BA;PORTO SEGURO;EXTRACAD;300
BA;REMANSO;BOLSA FAMILIA;600
BA;RODELAS;BOLSA FAMILIA;600
BA;SALVADOR;BOLSA FAMILIA;900
BA;SALVADOR;CADUNICO;300
BA;SALVADOR;BOLSA FAMILIA;2186
BA;SALVADOR;EXTRACAD;300
BA;SALVADOR;EXTRACAD;300
BA;SALVADOR;EXTRACAD;300
BA;SALVADOR;EXTRACAD;300
BA;SALVADOR;BOLSA FAMILIA;1200
BA;SALVADOR;BOLSA FAMILIA;2400
BA;SALVADOR;BOLSA FAMILIA;1200
BA;SALVADOR;EXTRACAD;300
BA;SALVADOR;EXTRACAD;300
BA;SALVADOR;EXTRACAD;300
BA;SALVADOR;EXTRACAD;300
BA;SALVADOR;BOLSA FAMILIA;2040
BA;SALVADOR;CADUNICO;600
BA;SALVADOR;CADUNICO;600
BA;SALVADOR;CADUNICO;600
BA;SALVADOR;BOLSA FAMILIA;2335
BA;SALVADOR;EXTRACAD;300
BA;SALVADOR;BOLSA FAMILIA;1200
BA;SALVADOR;EXTRACAD;300
BA;SALVADOR;EXTRACAD;300
BA;SALVADOR;EXTRACAD;300
BA;SALVADOR;EXTRACAD;300
BA;SALVADOR;EXTRACAD;600
BA;SALVADOR;BOLSA FAMILIA;3000
BA;SALVADOR;BOLSA FAMILIA;1200
BA;SALVADOR;EXTRACAD;600
BA;SALVADOR;EXTRACAD;600
BA;SALVADOR;EXTRACAD;300
BA;SALVADOR;EXTRACAD;300
BA;SALVADOR;EXTRACAD;300
BA;SALVADOR;EXTRACAD;300
BA;SALVADOR;BOLSA FAMILIA;1200
BA;SALVADOR;BOLSA FAMILIA;2400
BA;SALVADOR;EXTRACAD;1200
BA;SALVADOR;EXTRACAD;1200
BA;SALVADOR;EXTRACAD;1200
BA;SALVADOR;EXTRACAD;300
BA;SALVADOR;EXTRACAD;300
BA;SALVADOR;EXTRACAD;300
BA;SALVADOR;EXTRACAD;300
BA;SALVADOR;BOLSA FAMILIA;2130
BA;SALVADOR;EXTRACAD;300
BA;SALVADOR;EXTRACAD;300
BA;SALVADOR;EXTRACAD;300
BA;SALVADOR;EXTRACAD;300
BA;SALVADOR;BOLSA FAMILIA;600
BA;SALVADOR;BOLSA FAMILIA;1200
BA;SANTA TERESINHA;EXTRACAD;300
BA;SANTA TERESINHA;EXTRACAD;300
BA;SANTA TERESINHA;EXTRACAD;300
BA;SANTA TERESINHA;EXTRACAD;300
BA;SANTALUZ;EXTRACAD;300
BA;SANTALUZ;EXTRACAD;300
BA;SANTALUZ;EXTRACAD;300
BA;SANTALUZ;EXTRACAD;300
BA;SANTANOPOLIS;BOLSA FAMILIA;2207
BA;SANTO AMARO;BOLSA FAMILIA;2199
BA;SAO FELIX DO CORIBE;BOLSA FAMILIA;1200
BA;SAO FELIX DO CORIBE;BOLSA FAMILIA;3000
BA;SAO JOSE DO JACUIPE;EXTRACAD;600
BA;SAO JOSE DO JACUIPE;EXTRACAD;600
BA;SENTO SE;BOLSA FAMILIA;1200
BA;SENTO SE;BOLSA FAMILIA;2132
BA;SENTO SE;BOLSA FAMILIA;600
BA;SENTO SE;BOLSA FAMILIA;1200
BA;SENTO SE;BOLSA FAMILIA;931
BA;TANQUE NOVO;BOLSA FAMILIA;2194
BA;TEIXEIRA DE FREITAS;BOLSA FAMILIA;600
BA;TEIXEIRA DE FREITAS;BOLSA FAMILIA;1200
BA;VITORIA DA CONQUISTA;BOLSA FAMILIA;1735
BA;VITORIA DA CONQUISTA;BOLSA FAMILIA;1200
BA;VITORIA DA CONQUISTA;BOLSA FAMILIA;2270
CE;ARACATI;EXTRACAD;300
CE;ARACATI;EXTRACAD;300
CE;ARACATI;EXTRACAD;300
CE;ARACATI;EXTRACAD;300
CE;AURORA;BOLSA FAMILIA;2100
CE;AURORA;BOLSA FAMILIA;3000
CE;AURORA;BOLSA FAMILIA;1200
CE;BATURITE;BOLSA FAMILIA;1651
CE;BEBERIBE;EXTRACAD;300
CE;BEBERIBE;EXTRACAD;300
CE;BEBERIBE;EXTRACAD;300
CE;BEBERIBE;EXTRACAD;300
CE;CASCAVEL;BOLSA FAMILIA;2251
CE;CRATEUS;BOLSA FAMILIA;1200
CE;CRATEUS;BOLSA FAMILIA;1200
CE;CRATEUS;BOLSA FAMILIA;600
CE;CRATEUS;EXTRACAD;600
CE;CRATEUS;EXTRACAD;600
CE;CRATEUS;EXTRACAD;600
CE;CRATEUS;EXTRACAD;600
CE;CRATEUS;BOLSA FAMILIA;600
CE;CRATO;EXTRACAD;300
CE;CRATO;EXTRACAD;300
CE;CRATO;EXTRACAD;300
CE;CRATO;EXTRACAD;300
CE;CRATO;EXTRACAD;300
CE;CRATO;EXTRACAD;300
CE;CRATO;EXTRACAD;300
CE;CRATO;EXTRACAD;300
CE;FORTALEZA;EXTRACAD;300
CE;FORTALEZA;EXTRACAD;300
CE;FORTALEZA;EXTRACAD;300
CE;FORTALEZA;EXTRACAD;300
CE;FORTALEZA;BOLSA FAMILIA;3000
CE;FORTALEZA;BOLSA FAMILIA;1200
CE;FORTALEZA;EXTRACAD;600
CE;FORTALEZA;EXTRACAD;1200
CE;FORTALEZA;EXTRACAD;600
CE;FORTALEZA;EXTRACAD;1200
CE;FORTALEZA;EXTRACAD;1200
CE;FORTALEZA;EXTRACAD;600
CE;FORTALEZA;EXTRACAD;600
CE;FORTALEZA;EXTRACAD;1200
CE;FORTALEZA;EXTRACAD;1200
CE;FORTALEZA;EXTRACAD;1200
CE;FORTALEZA;EXTRACAD;600
CE;FORTALEZA;EXTRACAD;600
CE;FORTALEZA;EXTRACAD;1200
CE;FORTALEZA;EXTRACAD;600
CE;FORTALEZA;EXTRACAD;600
CE;FORTALEZA;EXTRACAD;1200
CE;FORTALEZA;EXTRACAD;600
CE;FORTALEZA;BOLSA FAMILIA;1200
CE;FORTALEZA;BOLSA FAMILIA;2099
CE;FORTALEZA;EXTRACAD;600
CE;FORTALEZA;EXTRACAD;600
CE;FORTALEZA;EXTRACAD;600
CE;FORTALEZA;EXTRACAD;300
CE;FORTALEZA;EXTRACAD;300
CE;FORTALEZA;EXTRACAD;600
CE;FORTALEZA;EXTRACAD;300
CE;FORTALEZA;EXTRACAD;300
CE;FORTALEZA;EXTRACAD;600
CE;FORTALEZA;EXTRACAD;600
CE;FORTALEZA;BOLSA FAMILIA;3000
CE;FORTALEZA;EXTRACAD;300
CE;FORTALEZA;EXTRACAD;300
CE;FORTALEZA;EXTRACAD;300
CE;FORTALEZA;EXTRACAD;300
CE;FORTALEZA;BOLSA FAMILIA;1898
CE;FORTALEZA;BOLSA FAMILIA;900
CE;INDEPENDENCIA;EXTRACAD;600
CE;INDEPENDENCIA;EXTRACAD;600
CE;INDEPENDENCIA;EXTRACAD;600
CE;INDEPENDENCIA;EXTRACAD;600
CE;INDEPENDENCIA;BOLSA FAMILIA;2400
CE;INDEPENDENCIA;BOLSA FAMILIA;1200
CE;IPU;EXTRACAD;300
CE;IPU;EXTRACAD;300
CE;IPU;EXTRACAD;300
CE;IPU;EXTRACAD;300
CE;IPU;BOLSA FAMILIA;1498
CE;ITAPAGE;CADUNICO;600
CE;ITAPIPOCA;BOLSA FAMILIA;2400
CE;ITAPIPOCA;BOLSA FAMILIA;600
CE;JUAZEIRO DO NORTE;EXTRACAD;600
CE;JUAZEIRO DO NORTE;EXTRACAD;600
CE;JUAZEIRO DO NORTE;EXTRACAD;600
CE;JUAZEIRO DO NORTE;EXTRACAD;600
CE;JUAZEIRO DO NORTE;BOLSA FAMILIA;3000
CE;JUAZEIRO DO NORTE;BOLSA FAMILIA;1200
CE;LAVRAS DA MANGABEIRA;BOLSA FAMILIA;600
CE;MARACANAU;BOLSA FAMILIA;3000
CE;MARANGUAPE;EXTRACAD;600
CE;MARANGUAPE;EXTRACAD;600
CE;MARANGUAPE;EXTRACAD;600
CE;MARANGUAPE;EXTRACAD;600
CE;MERUOCA;BOLSA FAMILIA;1200
CE;MILAGRES;CADUNICO;600
CE;MILAGRES;CADUNICO;600
CE;MILAGRES;CADUNICO;600
CE;MILAGRES;CADUNICO;600
CE;MILHA;CADUNICO;600
CE;MILHA;CADUNICO;600
CE;MILHA;CADUNICO;600
CE;MILHA;CADUNICO;600
CE;PACAJUS;BOLSA FAMILIA;2400
CE;PACAJUS;BOLSA FAMILIA;2251
CE;PACAJUS;BOLSA FAMILIA;1200
CE;PACAJUS;BOLSA FAMILIA;2400
CE;PACAJUS;BOLSA FAMILIA;1200
CE;PACOTI;EXTRACAD;300
CE;PACOTI;EXTRACAD;300
CE;PACOTI;EXTRACAD;300
CE;PACOTI;EXTRACAD;300
CE;QUIXADA;BOLSA FAMILIA;1200
CE;SANTANA DO ACARAU;BOLSA FAMILIA;600
CE;SOBRAL;EXTRACAD;300
CE;SOBRAL;EXTRACAD;300
CE;SOBRAL;EXTRACAD;300
CE;SOBRAL;EXTRACAD;300
CE;SOBRAL;BOLSA FAMILIA;1051
CE;TIANGUA;BOLSA FAMILIA;1200
CE;UBAJARA;EXTRACAD;600
DF;BRASILIA;BOLSA FAMILIA;6000
DF;BRASILIA;BOLSA FAMILIA;1098
DF;BRASILIA;EXTRACAD;300
DF;BRASILIA;EXTRACAD;300
DF;BRASILIA;EXTRACAD;600
DF;BRASILIA;EXTRACAD;300
DF;BRASILIA;EXTRACAD;300
ES;AGUA DOCE DO NORTE;BOLSA FAMILIA;4200
ES;BAIXO GUANDU;BOLSA FAMILIA;1200
ES;BAIXO GUANDU;BOLSA FAMILIA;3000
ES;CARIACICA;BOLSA FAMILIA;2098
ES;CARIACICA;EXTRACAD;1200
ES;CARIACICA;EXTRACAD;1200
ES;CARIACICA;EXTRACAD;1200
ES;CARIACICA;EXTRACAD;600
ES;CARIACICA;EXTRACAD;1200
ES;CARIACICA;EXTRACAD;1200
ES;CARIACICA;EXTRACAD;1200
ES;CARIACICA;EXTRACAD;600
ES;CARIACICA;EXTRACAD;600
ES;CARIACICA;EXTRACAD;600
ES;COLATINA;BOLSA FAMILIA;1200
ES;CONCEICAO DO CASTELO;BOLSA FAMILIA;600
ES;ECOPORANGA;BOLSA FAMILIA;600
ES;ECOPORANGA;BOLSA FAMILIA;1200
ES;GUACUI;EXTRACAD;300
ES;GUACUI;EXTRACAD;600
ES;GUACUI;EXTRACAD;300
ES;GUACUI;EXTRACAD;600
ES;GUACUI;EXTRACAD;300
ES;GUACUI;EXTRACAD;300
ES;GUACUI;EXTRACAD;600
ES;GUACUI;EXTRACAD;600
ES;GUACUI;EXTRACAD;600
ES;GUARAPARI;BOLSA FAMILIA;600
ES;GUARAPARI;BOLSA FAMILIA;1200
ES;MARILANDIA;EXTRACAD;1200
ES;MARILANDIA;EXTRACAD;600
ES;MARILANDIA;EXTRACAD;1200
ES;MARILANDIA;EXTRACAD;1200
ES;MARILANDIA;EXTRACAD;600
ES;MARILANDIA;EXTRACAD;1200
ES;NOVA VENECIA;BOLSA FAMILIA;600
ES;NOVA VENECIA;BOLSA FAMILIA;1200
ES;PIUMA;EXTRACAD;300
ES;PIUMA;EXTRACAD;300
ES;PIUMA;EXTRACAD;300
ES;PIUMA;EXTRACAD;300
ES;VILA VELHA;EXTRACAD;600
ES;VILA VELHA;EXTRACAD;600
ES;VILA VELHA;EXTRACAD;600
ES;VILA VELHA;EXTRACAD;600
ES;VITORIA;EXTRACAD;600
ES;VITORIA;EXTRACAD;300
ES;VITORIA;EXTRACAD;300
ES;VITORIA;EXTRACAD;600
ES;VITORIA;EXTRACAD;600
ES;VITORIA;EXTRACAD;300
ES;VITORIA;EXTRACAD;600
ES;VITORIA;EXTRACAD;600
ES;VITORIA;EXTRACAD;300
GO;AGUAS LINDAS DE GOIAS;CADUNICO;1200
GO;AGUAS LINDAS DE GOIAS;CADUNICO;1200
GO;AGUAS LINDAS DE GOIAS;CADUNICO;1200
GO;APARECIDA DE GOIANIA;EXTRACAD;300
GO;APARECIDA DE GOIANIA;EXTRACAD;300
GO;APARECIDA DE GOIANIA;EXTRACAD;300
GO;APARECIDA DE GOIANIA;EXTRACAD;300
GO;APARECIDA DE GOIANIA;BOLSA FAMILIA;1098
GO;ARAGARCAS;CADUNICO;300
GO;ARAGARCAS;CADUNICO;300
GO;ARAGARCAS;CADUNICO;600
GO;ARAGARCAS;CADUNICO;300
GO;ARAGARCAS;CADUNICO;300
GO;ARAGARCAS;CADUNICO;600
GO;ARAGARCAS;CADUNICO;600
GO;ARAGOIANIA;BOLSA FAMILIA;1002
GO;CALDAS NOVAS;BOLSA FAMILIA;2400
GO;CATALAO;BOLSA FAMILIA;2400
GO;CATALAO;BOLSA FAMILIA;1200
GO;CAVALCANTE;BOLSA FAMILIA;800
GO;CAVALCANTE;BOLSA FAMILIA;1528
GO;CERES;EXTRACAD;600
GO;CERES;EXTRACAD;600
GO;CERES;EXTRACAD;600
GO;CIDADE OCIDENTAL;BOLSA FAMILIA;4200
GO;CRIXAS;BOLSA FAMILIA;4200
GO;EDEIA;BOLSA FAMILIA;1200
GO;FORMOSA;EXTRACAD;300
GO;FORMOSA;EXTRACAD;300
GO;FORMOSA;EXTRACAD;300
GO;FORMOSA;EXTRACAD;300
GO;GOIANAPOLIS;EXTRACAD;300
GO;GOIANAPOLIS;EXTRACAD;300
GO;GOIANAPOLIS;EXTRACAD;300
GO;GOIANAPOLIS;EXTRACAD;300
GO;GOIANIA;CADUNICO;600
GO;GOIANIA;CADUNICO;600
GO;GOIANIA;CADUNICO;600
GO;GOIANIA;BOLSA FAMILIA;2105
GO;GOIANIA;EXTRACAD;1200
GO;GOIANIA;EXTRACAD;600
GO;GOIANIA;EXTRACAD;600
GO;GOIANIA;EXTRACAD;600
GO;GOIANIA;EXTRACAD;600
GO;GOIANIA;EXTRACAD;1200
GO;GOIANIA;EXTRACAD;1200
GO;GOIANIA;EXTRACAD;600
GO;GOIANIA;EXTRACAD;600
GO;GOIANIA;EXTRACAD;1200
GO;GOIANIA;EXTRACAD;1200
GO;GOIANIA;EXTRACAD;600
GO;GOIANIA;EXTRACAD;1200
GO;GOIANIA;EXTRACAD;600
GO;GOIANIA;EXTRACAD;1200
GO;GOIANIA;BOLSA FAMILIA;1602
GO;GOIANIA;BOLSA FAMILIA;3000
GO;GOIANIA;BOLSA FAMILIA;1200
GO;GOIANIA;EXTRACAD;600
GO;GOIANIA;EXTRACAD;600
GO;GOIANIA;EXTRACAD;600
GO;GOIANIA;EXTRACAD;600
GO;GOIANIA;EXTRACAD;600
GO;ITABERAI;BOLSA FAMILIA;1200
GO;JATAI;EXTRACAD;300
GO;JATAI;EXTRACAD;300
GO;JATAI;EXTRACAD;300
GO;JATAI;EXTRACAD;300
GO;JATAI;EXTRACAD;600
GO;LUZIANIA;EXTRACAD;300
GO;LUZIANIA;EXTRACAD;300
GO;LUZIANIA;EXTRACAD;300
GO;LUZIANIA;EXTRACAD;300
GO;MAIRIPOTABA;EXTRACAD;600
GO;MAIRIPOTABA;EXTRACAD;600
GO;MAIRIPOTABA;EXTRACAD;600
GO;MAIRIPOTABA;EXTRACAD;600
GO;PLANALTINA;BOLSA FAMILIA;2140
GO;SENADOR CANEDO;CADUNICO;1200
GO;SENADOR CANEDO;CADUNICO;1200
GO;SENADOR CANEDO;CADUNICO;1200
GO;SENADOR CANEDO;CADUNICO;600
GO;SENADOR CANEDO;CADUNICO;600
GO;SENADOR CANEDO;CADUNICO;600
GO;VALPARAISO DE GOIAS;EXTRACAD;300
GO;VALPARAISO DE GOIAS;EXTRACAD;300
GO;VALPARAISO DE GOIAS;EXTRACAD;300
GO;VALPARAISO DE GOIAS;EXTRACAD;300
GO;VIANOPOLIS;BOLSA FAMILIA;600
GO;VIANOPOLIS;BOLSA FAMILIA;1200
GO;VICENTINOPOLIS;BOLSA FAMILIA;2105
MA;ARAME;BOLSA FAMILIA;2400
MA;CAXIAS;BOLSA FAMILIA;1200
MA;CAXIAS;BOLSA FAMILIA;3000
MA;GRAJAU;EXTRACAD;300
MA;GRAJAU;EXTRACAD;300
MA;GRAJAU;EXTRACAD;300
MA;GRAJAU;EXTRACAD;300
MA;HUMBERTO DE CAMPOS;BOLSA FAMILIA;1200
MA;ITINGA DO MARANHAO;BOLSA FAMILIA;1200
MA;PACO DO LUMIAR;EXTRACAD;600
MA;PACO DO LUMIAR;EXTRACAD;600
MA;PACO DO LUMIAR;EXTRACAD;600
MA;PARAIBANO;BOLSA FAMILIA;900
MA;PEDREIRAS;BOLSA FAMILIA;1051
MA;PEDREIRAS;BOLSA FAMILIA;600
MA;SANTA LUZIA DO PARUA;BOLSA FAMILIA;1200
MA;SANTA LUZIA DO PARUA;BOLSA FAMILIA;600
MA;SAO LUIS;EXTRACAD;300
MA;SAO LUIS;EXTRACAD;300
MA;SAO LUIS;EXTRACAD;300
MA;SAO LUIS;EXTRACAD;600
MA;SAO LUIS;EXTRACAD;300
MA;SAO LUIS;BOLSA FAMILIA;2335
MA;SAO LUIS;BOLSA FAMILIA;1200
MA;SAO LUIS;EXTRACAD;300
MA;SAO LUIS;EXTRACAD;300
MA;SAO LUIS;EXTRACAD;300
MA;SAO LUIS;EXTRACAD;300
MA;SAO LUIS;BOLSA FAMILIA;2194
MA;SAO LUIS;BOLSA FAMILIA;2400
MA;SAO LUIS;BOLSA FAMILIA;4200
MA;SAO LUIS;BOLSA FAMILIA;1005
MA;SAO RAIMUNDO DAS MANGABEIRAS;BOLSA FAMILIA;2400
MA;SAO RAIMUNDO DAS MANGABEIRAS;BOLSA FAMILIA;1200
MA;SAO RAIMUNDO DAS MANGABEIRAS;EXTRACAD;600
MA;SAO RAIMUNDO DAS MANGABEIRAS;EXTRACAD;600
MA;SAO RAIMUNDO DAS MANGABEIRAS;EXTRACAD;600
MA;TIMON;EXTRACAD;600
MA;TIMON;EXTRACAD;600
MA;TIMON;EXTRACAD;600
MA;TIMON;EXTRACAD;600
MA;TUNTUM;EXTRACAD;600
MA;TUNTUM;EXTRACAD;600
MA;TUNTUM;EXTRACAD;600
MA;TUNTUM;EXTRACAD;600
MA;VITORIA DO MEARIM;EXTRACAD;600
MA;VITORIA DO MEARIM;EXTRACAD;600
MG;BELA VISTA DE MINAS;BOLSA FAMILIA;1200
MG;BELO HORIZONTE;EXTRACAD;300
MG;BELO HORIZONTE;EXTRACAD;300
MG;BELO HORIZONTE;EXTRACAD;300
MG;BELO HORIZONTE;EXTRACAD;300
MG;BELO HORIZONTE;EXTRACAD;300
MG;BELO HORIZONTE;EXTRACAD;300
MG;BELO HORIZONTE;EXTRACAD;300
MG;BELO HORIZONTE;EXTRACAD;300
MG;BELO HORIZONTE;EXTRACAD;300
MG;BELO HORIZONTE;EXTRACAD;300
MG;BELO HORIZONTE;EXTRACAD;300
MG;BELO HORIZONTE;EXTRACAD;300
MG;BELO HORIZONTE;BOLSA FAMILIA;1200
MG;BELO HORIZONTE;BOLSA FAMILIA;2199
MG;BELO HORIZONTE;EXTRACAD;600
MG;BELO HORIZONTE;EXTRACAD;600
MG;BELO HORIZONTE;EXTRACAD;600
MG;BELO HORIZONTE;EXTRACAD;600
MG;BELO HORIZONTE;EXTRACAD;600
MG;BELO HORIZONTE;EXTRACAD;600
MG;BELO HORIZONTE;EXTRACAD;600
MG;BELO HORIZONTE;BOLSA FAMILIA;2400
MG;BELO HORIZONTE;BOLSA FAMILIA;1200
MG;BELO HORIZONTE;BOLSA FAMILIA;2400
MG;BELO HORIZONTE;EXTRACAD;600
MG;BELO HORIZONTE;EXTRACAD;600
MG;BELO HORIZONTE;EXTRACAD;600
MG;BELO HORIZONTE;EXTRACAD;600
MG;BELO HORIZONTE;EXTRACAD;600
MG;BELO HORIZONTE;BOLSA FAMILIA;600
MG;BELO HORIZONTE;BOLSA FAMILIA;2335
MG;BELO HORIZONTE;EXTRACAD;300
MG;BELO HORIZONTE;EXTRACAD;300
MG;BELO HORIZONTE;EXTRACAD;300
MG;BELO HORIZONTE;BOLSA FAMILIA;3000
MG;BELO HORIZONTE;EXTRACAD;600
MG;BELO HORIZONTE;EXTRACAD;300
MG;BELO HORIZONTE;EXTRACAD;600
MG;BELO HORIZONTE;EXTRACAD;600
MG;BELO HORIZONTE;EXTRACAD;600
MG;BELO HORIZONTE;EXTRACAD;600
MG;BELO HORIZONTE;EXTRACAD;300
MG;BELO HORIZONTE;EXTRACAD;300
MG;BELO HORIZONTE;EXTRACAD;300
MG;BELO HORIZONTE;EXTRACAD;600
MG;BELO HORIZONTE;EXTRACAD;600
MG;BELO HORIZONTE;EXTRACAD;600
MG;BELO HORIZONTE;EXTRACAD;600
MG;BELO HORIZONTE;EXTRACAD;600
MG;BELO HORIZONTE;EXTRACAD;600
MG;BELO HORIZONTE;EXTRACAD;600
MG;BELO HORIZONTE;EXTRACAD;600
MG;BELO HORIZONTE;EXTRACAD;600
MG;BELO HORIZONTE;EXTRACAD;300
MG;BELO HORIZONTE;EXTRACAD;300
MG;BELO HORIZONTE;EXTRACAD;300
MG;BELO HORIZONTE;EXTRACAD;300
MG;BELO HORIZONTE;EXTRACAD;300
MG;BELO HORIZONTE;EXTRACAD;300
MG;BELO HORIZONTE;EXTRACAD;300
MG;BELO HORIZONTE;EXTRACAD;300
MG;BELO HORIZONTE;BOLSA FAMILIA;1200
MG;BELO HORIZONTE;BOLSA FAMILIA;3000
MG;BELO HORIZONTE;BOLSA FAMILIA;1200
MG;BELO HORIZONTE;EXTRACAD;300
MG;BELO HORIZONTE;EXTRACAD;300
MG;BERILO;CADUNICO;600
MG;BERILO;CADUNICO;300
MG;BERILO;CADUNICO;300
MG;BERILO;CADUNICO;600
MG;BERILO;CADUNICO;600
MG;BERILO;CADUNICO;600
MG;BERILO;CADUNICO;300
MG;BERILO;CADUNICO;300
MG;BERILO;CADUNICO;600
MG;BERTOPOLIS;BOLSA FAMILIA;2098
MG;BETIM;BOLSA FAMILIA;1002
MG;BETIM;BOLSA FAMILIA;3000
MG;BETIM;BOLSA FAMILIA;1200
MG;BETIM;EXTRACAD;600
MG;BETIM;EXTRACAD;600
MG;BETIM;EXTRACAD;600
MG;BETIM;EXTRACAD;600
MG;BOA ESPERANCA;EXTRACAD;600
MG;BOA ESPERANCA;EXTRACAD;600
MG;BOA ESPERANCA;EXTRACAD;600
MG;BOA ESPERANCA;EXTRACAD;600
MG;BRASILIA DE MINAS;EXTRACAD;600
MG;BRASILIA DE MINAS;EXTRACAD;600
MG;BRUMADINHO;EXTRACAD;300
MG;BRUMADINHO;EXTRACAD;300
MG;BRUMADINHO;EXTRACAD;300
MG;CAMBUI;BOLSA FAMILIA;600
MG;CAMPESTRE;CADUNICO;600
MG;CAMPESTRE;CADUNICO;600
MG;CAMPESTRE;CADUNICO;600
MG;CAMPESTRE;CADUNICO;600
MG;CAMPO BELO;BOLSA FAMILIA;1200
MG;CAMPO BELO;EXTRACAD;600
MG;CAMPO BELO;EXTRACAD;600
MG;CAMPO BELO;EXTRACAD;600
MG;CAMPO BELO;EXTRACAD;600
MG;CHIADOR;EXTRACAD;300
MG;CHIADOR;EXTRACAD;300
MG;CHIADOR;EXTRACAD;300
MG;CHIADOR;EXTRACAD;300
MG;CONTAGEM;EXTRACAD;300
MG;CONTAGEM;EXTRACAD;300
MG;CONTAGEM;EXTRACAD;300
MG;CONTAGEM;EXTRACAD;300
MG;CONTAGEM;EXTRACAD;300
MG;CONTAGEM;EXTRACAD;300
MG;CONTAGEM;EXTRACAD;300
MG;CONTAGEM;EXTRACAD;600
MG;CONTAGEM;EXTRACAD;600
MG;CONTAGEM;EXTRACAD;600
MG;CONTAGEM;EXTRACAD;300
MG;CONTAGEM;EXTRACAD;600
MG;CONTAGEM;EXTRACAD;600
MG;CONTAGEM;EXTRACAD;300
MG;CONTAGEM;EXTRACAD;300
MG;CONTAGEM;EXTRACAD;300
MG;CONTAGEM;EXTRACAD;300
MG;CORINTO;BOLSA FAMILIA;1200
MG;COROMANDEL;EXTRACAD;300
MG;COROMANDEL;EXTRACAD;300
MG;COROMANDEL;EXTRACAD;300
MG;CORONEL FABRICIANO;BOLSA FAMILIA;3000
MG;CORONEL FABRICIANO;EXTRACAD;600
MG;CORONEL FABRICIANO;EXTRACAD;600
MG;CORONEL FABRICIANO;EXTRACAD;600
MG;CORONEL FABRICIANO;EXTRACAD;600
MG;CORONEL FABRICIANO;EXTRACAD;600
MG;CORONEL PACHECO;EXTRACAD;300
MG;DATAS;CADUNICO;600
MG;DATAS;CADUNICO;600
MG;DATAS;CADUNICO;600
MG;DATAS;BOLSA FAMILIA;1200
MG;DATAS;BOLSA FAMILIA;600
MG;DATAS;BOLSA FAMILIA;2400
MG;DATAS;BOLSA FAMILIA;1200
MG;DIAMANTINA;EXTRACAD;300
MG;DIAMANTINA;EXTRACAD;300
MG;DIAMANTINA;EXTRACAD;300
MG;DIAMANTINA;EXTRACAD;300
MG;ESMERALDAS;EXTRACAD;300
MG;ESMERALDAS;EXTRACAD;300
MG;FORMIGA;EXTRACAD;600
MG;FORMIGA;EXTRACAD;300
MG;FORMIGA;EXTRACAD;300
MG;FORMIGA;EXTRACAD;300
MG;FORMIGA;EXTRACAD;600
MG;FORMIGA;EXTRACAD;600
MG;FORMIGA;EXTRACAD;300
MG;FORMIGA;EXTRACAD;600
MG;FRANCISCO SA;CADUNICO;1200
MG;FRANCISCO SA;CADUNICO;1200
MG;FRANCISCO SA;CADUNICO;1200
MG;FRANCISCO SA;CADUNICO;1200
MG;GOVERNADOR VALADARES;EXTRACAD;600
MG;GOVERNADOR VALADARES;EXTRACAD;600
MG;IBIRITE;BOLSA FAMILIA;212
MG;IGARAPE;EXTRACAD;300
MG;IGARAPE;EXTRACAD;300
MG;IGARAPE;EXTRACAD;300
MG;IGARAPE;EXTRACAD;300
MG;INHAUMA;EXTRACAD;300
MG;INHAUMA;EXTRACAD;300
MG;INHAUMA;EXTRACAD;300
MG;INHAUMA;EXTRACAD;300
MG;INHAUMA;CADUNICO;600
MG;INHAUMA;CADUNICO;300
MG;INHAUMA;CADUNICO;300
MG;INHAUMA;CADUNICO;600
MG;INHAUMA;CADUNICO;300
MG;INHAUMA;CADUNICO;600
MG;INHAUMA;CADUNICO;600
MG;INHAUMA;CADUNICO;300
MG;INHAUMA;CADUNICO;600
MG;INHAUMA;EXTRACAD;300
MG;INHAUMA;EXTRACAD;300
MG;INHAUMA;EXTRACAD;300
MG;INHAUMA;EXTRACAD;300
MG;IPATINGA;CADUNICO;600
MG;IPATINGA;CADUNICO;600
MG;IPATINGA;CADUNICO;600
MG;IPATINGA;CADUNICO;600
MG;IPATINGA;CADUNICO;600
MG;IPATINGA;CADUNICO;600
MG;IPATINGA;CADUNICO;600
MG;IPATINGA;CADUNICO;600
MG;ITUIUTABA;BOLSA FAMILIA;1200
MG;ITUIUTABA;EXTRACAD;300
MG;ITUIUTABA;EXTRACAD;300
MG;ITUIUTABA;EXTRACAD;300
MG;ITUIUTABA;EXTRACAD;300
MG;JACINTO;CADUNICO;300
MG;JACINTO;CADUNICO;300
MG;JACINTO;CADUNICO;300
MG;JACINTO;CADUNICO;300
MG;JACINTO;EXTRACAD;300
MG;JACINTO;EXTRACAD;300
MG;JACINTO;EXTRACAD;300
MG;JACINTO;EXTRACAD;300
MG;JACINTO;EXTRACAD;600
MG;JACINTO;EXTRACAD;600
MG;JACINTO;EXTRACAD;600
MG;JACINTO;EXTRACAD;600
MG;JACINTO;EXTRACAD;600
MG;JANAUBA;BOLSA FAMILIA;2170
MG;JOAO MONLEVADE;EXTRACAD;600
MG;JOAO MONLEVADE;EXTRACAD;600
MG;JOAO MONLEVADE;EXTRACAD;600
MG;JOAO MONLEVADE;EXTRACAD;600
MG;JOAO MONLEVADE;BOLSA FAMILIA;1098
MG;JOAO MONLEVADE;EXTRACAD;600
MG;JOAO MONLEVADE;EXTRACAD;600
MG;JOAO MONLEVADE;EXTRACAD;600
MG;JUIZ DE FORA;BOLSA FAMILIA;1098
MG;JUIZ DE FORA;EXTRACAD;300
MG;JUIZ DE FORA;EXTRACAD;300
MG;JUIZ DE FORA;CADUNICO;300
MG;JURUAIA;EXTRACAD;600
MG;JURUAIA;EXTRACAD;600
MG;JURUAIA;EXTRACAD;600
MG;JURUAIA;EXTRACAD;600
MG;LAGOA DA PRATA;BOLSA FAMILIA;3000
MG;LAGOA SANTA;EXTRACAD;300
MG;LAGOA SANTA;EXTRACAD;300
MG;LAGOA SANTA;EXTRACAD;300
MG;LAGOA SANTA;EXTRACAD;300
MG;LUISLANDIA;EXTRACAD;300
MG;LUISLANDIA;EXTRACAD;300
MG;LUISLANDIA;EXTRACAD;300
MG;LUISLANDIA;EXTRACAD;300
MG;MALACACHETA;BOLSA FAMILIA;1200
MG;MALACACHETA;BOLSA FAMILIA;2400
MG;MATEUS LEME;EXTRACAD;300
MG;MATEUS LEME;EXTRACAD;300
MG;MATEUS LEME;EXTRACAD;300
MG;MATEUS LEME;EXTRACAD;300
MG;MONTE SIAO;BOLSA FAMILIA;1098
MG;MONTES CLAROS;EXTRACAD;600
MG;MONTES CLAROS;EXTRACAD;600
MG;MONTES CLAROS;EXTRACAD;600
MG;MONTES CLAROS;BOLSA FAMILIA;2153
MG;MONTES CLAROS;EXTRACAD;300
MG;MONTES CLAROS;EXTRACAD;300
MG;MONTES CLAROS;EXTRACAD;300
MG;MONTES CLAROS;EXTRACAD;300
MG;MONTES CLAROS;EXTRACAD;600
MG;MONTES CLAROS;EXTRACAD;600
MG;MONTES CLAROS;EXTRACAD;600
MG;MONTES CLAROS;EXTRACAD;600
MG;MONTES CLAROS;EXTRACAD;600
MG;NACIP RAYDAN;BOLSA FAMILIA;1200
MG;NOVA LIMA;EXTRACAD;600
MG;NOVA LIMA;EXTRACAD;600
MG;NOVA UNIAO;BOLSA FAMILIA;1200
MG;NOVA UNIAO;BOLSA FAMILIA;3000
MG;NOVO CRUZEIRO;BOLSA FAMILIA;1200
MG;NOVO CRUZEIRO;BOLSA FAMILIA;1200
MG;OURO BRANCO;BOLSA FAMILIA;1200
MG;OURO BRANCO;BOLSA FAMILIA;3000
MG;PARAOPEBA;BOLSA FAMILIA;1200
MG;PARAOPEBA;BOLSA FAMILIA;2400
MG;PIRAPORA;BOLSA FAMILIA;1200
MG;PIRAPORA;BOLSA FAMILIA;1200
MG;PIRAUBA;EXTRACAD;300
MG;PIRAUBA;EXTRACAD;300
MG;PIRAUBA;EXTRACAD;300
MG;PIRAUBA;EXTRACAD;300
MG;POCOS DE CALDAS;EXTRACAD;600
MG;POUSO ALEGRE;EXTRACAD;300
MG;POUSO ALEGRE;EXTRACAD;300
MG;POUSO ALEGRE;EXTRACAD;300
MG;POUSO ALEGRE;EXTRACAD;300
MG;RIBEIRAO DAS NEVES;BOLSA FAMILIA;1800
MG;SABARA;CADUNICO;300
MG;SABARA;CADUNICO;300
MG;SABARA;CADUNICO;300
MG;SABARA;CADUNICO;300
MG;SANTA LUZIA;BOLSA FAMILIA;600
MG;SANTA LUZIA;BOLSA FAMILIA;1200
MG;SANTA LUZIA;BOLSA FAMILIA;2400
MG;SANTA LUZIA;BOLSA FAMILIA;1200
MG;SANTA RITA DO SAPUCAI;EXTRACAD;300
MG;SANTA RITA DO SAPUCAI;EXTRACAD;300
MG;SANTA RITA DO SAPUCAI;EXTRACAD;300
MG;SAO GERALDO DA PIEDADE;EXTRACAD;300
MG;SAO GERALDO DA PIEDADE;EXTRACAD;300
MG;SAO GERALDO DA PIEDADE;EXTRACAD;300
MG;SAO SEBASTIAO DO PARAISO;BOLSA FAMILIA;3000
MG;SETE LAGOAS;EXTRACAD;300
MG;SETE LAGOAS;EXTRACAD;300
MG;SETE LAGOAS;EXTRACAD;300
MG;SETE LAGOAS;EXTRACAD;300
MG;TIMOTEO;EXTRACAD;600
MG;TIMOTEO;EXTRACAD;600
MG;TIMOTEO;CADUNICO;600
MG;UBA;BOLSA FAMILIA;2194
MG;UBA;EXTRACAD;300
MG;UBA;EXTRACAD;300
MG;UBA;EXTRACAD;300
MG;UBERLANDIA;EXTRACAD;600
MG;UBERLANDIA;EXTRACAD;600
MG;UBERLANDIA;EXTRACAD;600
MG;UBERLANDIA;EXTRACAD;600
MG;UNAI;EXTRACAD;300
MG;VERDELANDIA;BOLSA FAMILIA;600
MG;VERDELANDIA;BOLSA FAMILIA;1200
MG;VESPASIANO;EXTRACAD;600
MG;VESPASIANO;EXTRACAD;600
MG;VESPASIANO;EXTRACAD;300
MG;VESPASIANO;EXTRACAD;300
MG;VESPASIANO;EXTRACAD;600
MG;VESPASIANO;EXTRACAD;600
MG;VESPASIANO;EXTRACAD;300
MG;VESPASIANO;EXTRACAD;600
MG;VESPASIANO;EXTRACAD;600
MG;VESPASIANO;BOLSA FAMILIA;2400
MG;VESPASIANO;BOLSA FAMILIA;1200
MG;VICOSA;BOLSA FAMILIA;3000
MG;VICOSA;BOLSA FAMILIA;1200
MG;VICOSA;EXTRACAD;600
MG;VICOSA;EXTRACAD;600
MG;VICOSA;EXTRACAD;600
MG;VICOSA;EXTRACAD;600
MG;VIRGEM DA LAPA;BOLSA FAMILIA;1200
MS;CAMPO GRANDE;BOLSA FAMILIA;3300
MS;CAMPO GRANDE;EXTRACAD;600
MS;CAMPO GRANDE;EXTRACAD;1200
MS;CAMPO GRANDE;EXTRACAD;600
MS;CAMPO GRANDE;EXTRACAD;1200
MS;CAMPO GRANDE;EXTRACAD;1200
MS;CAMPO GRANDE;EXTRACAD;1200
MS;CAMPO GRANDE;EXTRACAD;1200
MS;CAMPO GRANDE;EXTRACAD;600
MS;CAMPO GRANDE;EXTRACAD;600
MS;CAMPO GRANDE;BOLSA FAMILIA;300
MS;CAMPO GRANDE;CADUNICO;600
MS;CAMPO GRANDE;CADUNICO;600
MS;CAMPO GRANDE;CADUNICO;600
MS;CAMPO GRANDE;CADUNICO;1200
MS;CAMPO GRANDE;CADUNICO;600
MS;CAMPO GRANDE;CADUNICO;600
MS;CORUMBA;CADUNICO;300
MS;CORUMBA;CADUNICO;300
MS;CORUMBA;CADUNICO;300
MS;CORUMBA;CADUNICO;300
MT;CUIABA;BOLSA FAMILIA;1200
MT;CUIABA;EXTRACAD;600
MT;CUIABA;EXTRACAD;1200
MT;CUIABA;EXTRACAD;600
MT;CUIABA;EXTRACAD;600
MT;CUIABA;EXTRACAD;600
MT;CUIABA;BOLSA FAMILIA;1505
MT;JAURU;CADUNICO;600
MT;JAURU;CADUNICO;600
MT;JAURU;CADUNICO;600
MT;JAURU;CADUNICO;600
MT;POCONE;EXTRACAD;300
MT;POCONE;EXTRACAD;300
MT;POCONE;EXTRACAD;300
MT;POCONE;EXTRACAD;300
MT;PONTES E LACERDA;BOLSA FAMILIA;1200
MT;SINOP;EXTRACAD;600
MT;SINOP;EXTRACAD;600
MT;VARZEA GRANDE;BOLSA FAMILIA;1200
MT;VARZEA GRANDE;BOLSA FAMILIA;600
PA;ABAETETUBA;BOLSA FAMILIA;600
PA;ABAETETUBA;BOLSA FAMILIA;2146
PA;ALENQUER;BOLSA FAMILIA;2251
PA;ALTAMIRA;BOLSA FAMILIA;7200
PA;ALTAMIRA;BOLSA FAMILIA;3600
PA;ANANINDEUA;BOLSA FAMILIA;1200
PA;ANANINDEUA;BOLSA FAMILIA;1651
PA;ANAPU;EXTRACAD;300
PA;ANAPU;EXTRACAD;300
PA;ANAPU;EXTRACAD;300
PA;ANAPU;EXTRACAD;300
PA;BELEM;EXTRACAD;300
PA;BELEM;EXTRACAD;300
PA;BELEM;EXTRACAD;300
PA;BELEM;EXTRACAD;300
PA;BELEM;BOLSA FAMILIA;2194
PA;BELEM;EXTRACAD;300
PA;BELEM;EXTRACAD;300
PA;BELEM;EXTRACAD;300
PA;BELEM;EXTRACAD;600
PA;BELEM;EXTRACAD;300
PA;BELEM;BOLSA FAMILIA;3000
PA;BELEM;BOLSA FAMILIA;1200
PA;BELEM;BOLSA FAMILIA;1200
PA;BELEM;CADUNICO;600
PA;BELEM;CADUNICO;600
PA;BELEM;BOLSA FAMILIA;1200
PA;BELEM;EXTRACAD;300
PA;BELEM;BOLSA FAMILIA;1973
PA;BOM JESUS DO TOCANTINS;BOLSA FAMILIA;4800
PA;BREVES;BOLSA FAMILIA;1200
PA;BREVES;BOLSA FAMILIA;2400
PA;CACHOEIRA DO ARARI;BOLSA FAMILIA;900
PA;ELDORADO DOS CARAJAS;BOLSA FAMILIA;1200
PA;IPIXUNA DO PARA;EXTRACAD;300
PA;IPIXUNA DO PARA;EXTRACAD;300
PA;IPIXUNA DO PARA;EXTRACAD;300
PA;IPIXUNA DO PARA;EXTRACAD;300
PA;MARABA;CADUNICO;600
PA;MARABA;CADUNICO;600
PA;MARABA;CADUNICO;600
PA;MARABA;CADUNICO;600
PA;MOJU;BOLSA FAMILIA;600
PA;MOJU;BOLSA FAMILIA;1200
PA;MUANA;BOLSA FAMILIA;1080
PA;NOVA TIMBOTEUA;BOLSA FAMILIA;3600
PA;PACAJA;CADUNICO;300
PA;PACAJA;CADUNICO;300
PA;PACAJA;CADUNICO;300
PA;PARAGOMINAS;EXTRACAD;300
PA;PARAGOMINAS;EXTRACAD;300
PA;PARAGOMINAS;EXTRACAD;300
PA;PARAGOMINAS;EXTRACAD;300
PA;PARAUAPEBAS;EXTRACAD;1200
PA;PARAUAPEBAS;EXTRACAD;1200
PA;PONTA DE PEDRAS;EXTRACAD;300
PA;PONTA DE PEDRAS;EXTRACAD;300
PA;SALVATERRA;EXTRACAD;300
PA;SALVATERRA;EXTRACAD;300
PA;SALVATERRA;EXTRACAD;300
PA;SALVATERRA;EXTRACAD;300
PA;SANTAREM;BOLSA FAMILIA;2098
PA;SANTAREM;BOLSA FAMILIA;1200
PA;SANTAREM;BOLSA FAMILIA;2400
PA;SANTAREM;EXTRACAD;600
PA;SANTAREM;EXTRACAD;600
PA;SANTAREM;EXTRACAD;600
PA;SANTAREM;EXTRACAD;600
PA;SANTAREM;EXTRACAD;600
PA;SANTAREM;EXTRACAD;300
PA;SANTAREM;EXTRACAD;300
PA;SANTAREM;EXTRACAD;300
PA;SANTAREM;EXTRACAD;300
PA;SANTAREM;CADUNICO;600
PA;SANTAREM;CADUNICO;300
PA;SANTAREM;CADUNICO;600
PA;SANTAREM;CADUNICO;600
PA;SANTAREM;CADUNICO;600
PA;SANTAREM;CADUNICO;300
PA;SANTAREM;CADUNICO;300
PA;SANTAREM;CADUNICO;300
PA;SANTAREM;CADUNICO;600
PA;SANTAREM;BOLSA FAMILIA;600
PA;SANTAREM;BOLSA FAMILIA;1200
PA;SAO DOMINGOS DO ARAGUAIA;BOLSA FAMILIA;1498
PA;SAO DOMINGOS DO ARAGUAIA;BOLSA FAMILIA;3000
PA;SAO DOMINGOS DO ARAGUAIA;BOLSA FAMILIA;1200
PA;SAO GERALDO DO ARAGUAIA;BOLSA FAMILIA;4200
PB;ALAGOINHA;BOLSA FAMILIA;1898
PB;BARRA DE SANTANA;EXTRACAD;300
PB;BAYEUX;EXTRACAD;1200
PB;BAYEUX;EXTRACAD;1200
PB;BAYEUX;EXTRACAD;1200
PB;BAYEUX;EXTRACAD;1200
PB;BAYEUX;BOLSA FAMILIA;1098
PB;BAYEUX;BOLSA FAMILIA;2137
PB;BAYEUX;EXTRACAD;600
PB;BAYEUX;EXTRACAD;600
PB;BAYEUX;EXTRACAD;600
PB;BAYEUX;BOLSA FAMILIA;1051
PB;BAYEUX;EXTRACAD;300
PB;BAYEUX;EXTRACAD;300
PB;BAYEUX;EXTRACAD;300
PB;BAYEUX;EXTRACAD;300
PB;BAYEUX;BOLSA FAMILIA;1200
PB;BAYEUX;BOLSA FAMILIA;3000
PB;BONITO DE SANTA FE;BOLSA FAMILIA;1980
PB;BONITO DE SANTA FE;BOLSA FAMILIA;4200
PB;CABEDELO;EXTRACAD;300
PB;CABEDELO;EXTRACAD;300
PB;CABEDELO;EXTRACAD;300
PB;CABEDELO;EXTRACAD;300
PB;CABEDELO;CADUNICO;1200
PB;CABEDELO;CADUNICO;1200
PB;CABEDELO;CADUNICO;1200
PB;CAJAZEIRAS;EXTRACAD;300
PB;CAJAZEIRAS;EXTRACAD;300
PB;CAJAZEIRAS;EXTRACAD;300
PB;CAJAZEIRAS;EXTRACAD;300
PB;CAJAZEIRAS;CADUNICO;600
PB;CAJAZEIRAS;BOLSA FAMILIA;2199
PB;CAMPINA GRANDE;BOLSA FAMILIA;1200
PB;CAMPINA GRANDE;BOLSA FAMILIA;2205
PB;CAMPINA GRANDE;EXTRACAD;600
PB;CAMPINA GRANDE;EXTRACAD;600
PB;CAMPINA GRANDE;EXTRACAD;600
PB;CAMPINA GRANDE;BOLSA FAMILIA;1200
PB;CAMPINA GRANDE;BOLSA FAMILIA;2205
PB;CAMPINA GRANDE;CADUNICO;600
PB;CAMPINA GRANDE;CADUNICO;600
PB;CONDE;EXTRACAD;300
PB;CONDE;EXTRACAD;300
PB;COREMAS;BOLSA FAMILIA;2098
PB;CUITE;BOLSA FAMILIA;3000
PB;ITABAIANA;EXTRACAD;300
PB;ITABAIANA;EXTRACAD;300
PB;ITABAIANA;EXTRACAD;300
PB;ITABAIANA;EXTRACAD;300
PB;ITABAIANA;BOLSA FAMILIA;600
PB;ITABAIANA;BOLSA FAMILIA;1200
PB;JERICO;EXTRACAD;600
PB;JERICO;EXTRACAD;600
PB;JERICO;EXTRACAD;600
PB;JERICO;EXTRACAD;600
PB;JERICO;EXTRACAD;600
PB;JOAO PESSOA;EXTRACAD;300
PB;JOAO PESSOA;EXTRACAD;300
PB;JOAO PESSOA;BOLSA FAMILIA;600
PB;JOAO PESSOA;BOLSA FAMILIA;1200
PB;JOAO PESSOA;EXTRACAD;300
PB;JOAO PESSOA;EXTRACAD;300
PB;JOAO PESSOA;EXTRACAD;300
PB;JOAO PESSOA;EXTRACAD;300
PB;JOAO PESSOA;BOLSA FAMILIA;2316
PB;JOAO PESSOA;EXTRACAD;300
PB;JOAO PESSOA;EXTRACAD;300
PB;JOAO PESSOA;EXTRACAD;300
PB;JOAO PESSOA;EXTRACAD;300
PB;JOAO PESSOA;EXTRACAD;300
PB;JOAO PESSOA;EXTRACAD;600
PB;JOAO PESSOA;EXTRACAD;300
PB;JOAO PESSOA;EXTRACAD;300
PB;JOAO PESSOA;BOLSA FAMILIA;2110
PB;JOAO PESSOA;BOLSA FAMILIA;1950
PB;JOAO PESSOA;BOLSA FAMILIA;460
PB;JOAO PESSOA;BOLSA FAMILIA;640
PB;JOAO PESSOA;EXTRACAD;300
PB;JOAO PESSOA;EXTRACAD;300
PB;JOAO PESSOA;EXTRACAD;300
PB;JOAO PESSOA;EXTRACAD;300
PB;JOAO PESSOA;EXTRACAD;300
PB;JOAO PESSOA;EXTRACAD;300
PB;JOAO PESSOA;EXTRACAD;300
PB;JOAO PESSOA;EXTRACAD;300
PB;JOAO PESSOA;EXTRACAD;600
PB;JOAO PESSOA;EXTRACAD;600
PB;JOAO PESSOA;EXTRACAD;600
PB;JOAO PESSOA;EXTRACAD;600
PB;JOAO PESSOA;EXTRACAD;600
PB;JOAO PESSOA;EXTRACAD;300
PB;JOAO PESSOA;EXTRACAD;300
PB;JOAO PESSOA;EXTRACAD;300
PB;JOAO PESSOA;EXTRACAD;300
PB;JOAO PESSOA;EXTRACAD;300
PB;JOAO PESSOA;EXTRACAD;300
PB;JOAO PESSOA;EXTRACAD;300
PB;JOAO PESSOA;EXTRACAD;300
PB;JOAO PESSOA;BOLSA FAMILIA;3000
PB;JOAO PESSOA;BOLSA FAMILIA;1200
PB;JOAO PESSOA;EXTRACAD;600
PB;JOAO PESSOA;EXTRACAD;300
PB;JOAO PESSOA;EXTRACAD;600
PB;JOAO PESSOA;EXTRACAD;600
PB;JOAO PESSOA;EXTRACAD;300
PB;JOAO PESSOA;EXTRACAD;600
PB;JOAO PESSOA;EXTRACAD;600
PB;JOAO PESSOA;EXTRACAD;300
PB;JOAO PESSOA;EXTRACAD;600
PB;JOAO PESSOA;EXTRACAD;300
PB;JOAO PESSOA;EXTRACAD;300
PB;JOAO PESSOA;EXTRACAD;300
PB;JOAO PESSOA;EXTRACAD;300
PB;JOAO PESSOA;BOLSA FAMILIA;3000
PB;JOAO PESSOA;BOLSA FAMILIA;1200
PB;JOAO PESSOA;EXTRACAD;300
PB;JOAO PESSOA;EXTRACAD;600
PB;JOAO PESSOA;EXTRACAD;300
PB;JOAO PESSOA;EXTRACAD;300
PB;JOAO PESSOA;EXTRACAD;600
PB;JOAO PESSOA;EXTRACAD;600
PB;JOAO PESSOA;EXTRACAD;600
PB;JOAO PESSOA;EXTRACAD;300
PB;JOAO PESSOA;EXTRACAD;600
PB;JOAO PESSOA;EXTRACAD;300
PB;JOAO PESSOA;EXTRACAD;300
PB;JOAO PESSOA;EXTRACAD;300
PB;JOAO PESSOA;EXTRACAD;300
PB;JOAO PESSOA;EXTRACAD;300
PB;JOAO PESSOA;EXTRACAD;300
PB;JOAO PESSOA;EXTRACAD;300
PB;JOAO PESSOA;EXTRACAD;300
PB;JOAO PESSOA;BOLSA FAMILIA;1800
PB;JOAO PESSOA;BOLSA FAMILIA;1200
PB;JOAO PESSOA;EXTRACAD;300
PB;JOAO PESSOA;EXTRACAD;300
PB;JOAO PESSOA;EXTRACAD;300
PB;JOAO PESSOA;EXTRACAD;300
PB;JOAO PESSOA;EXTRACAD;300
PB;JOAO PESSOA;EXTRACAD;300
PB;JOAO PESSOA;EXTRACAD;300
PB;JOAO PESSOA;EXTRACAD;300
PB;JOAO PESSOA;CADUNICO;300
PB;JOAO PESSOA;CADUNICO;300
PB;JOAO PESSOA;CADUNICO;300
PB;JOAO PESSOA;EXTRACAD;300
PB;JOAO PESSOA;EXTRACAD;300
PB;JOAO PESSOA;EXTRACAD;300
PB;JOAO PESSOA;EXTRACAD;300
PB;MAMANGUAPE;EXTRACAD;600
PB;MAMANGUAPE;EXTRACAD;600
PB;MAMANGUAPE;EXTRACAD;600
PB;MAMANGUAPE;EXTRACAD;600
PB;MAMANGUAPE;EXTRACAD;300
PB;MAMANGUAPE;EXTRACAD;300
PB;MAMANGUAPE;EXTRACAD;300
PB;MAMANGUAPE;EXTRACAD;300
PB;MARI;EXTRACAD;600
PB;MARI;EXTRACAD;600
PB;MARI;EXTRACAD;600
PB;MARI;EXTRACAD;600
PB;MOGEIRO;BOLSA FAMILIA;900
PB;MOGEIRO;BOLSA FAMILIA;1076
PB;PATOS;EXTRACAD;300
PB;PATOS;EXTRACAD;300
PB;PATOS;EXTRACAD;300
PB;PATOS;EXTRACAD;300
PB;PATOS;BOLSA FAMILIA;1200
PB;PATOS;BOLSA FAMILIA;1800
PB;PAULISTA;BOLSA FAMILIA;1200
PB;PAULISTA;BOLSA FAMILIA;3000
PB;PEDRAS DE FOGO;EXTRACAD;300
PB;PEDRAS DE FOGO;EXTRACAD;300
PB;PEDRAS DE FOGO;EXTRACAD;300
PB;PEDRAS DE FOGO;EXTRACAD;300
PB;PIANCO;BOLSA FAMILIA;1651
PB;REMIGIO;EXTRACAD;600
PB;REMIGIO;EXTRACAD;600
PB;REMIGIO;EXTRACAD;600
PB;REMIGIO;EXTRACAD;600
PB;REMIGIO;EXTRACAD;600
PB;RIACHO DOS CAVALOS;EXTRACAD;300
PB;RIACHO DOS CAVALOS;EXTRACAD;300
PB;RIACHO DOS CAVALOS;EXTRACAD;300
PB;RIACHO DOS CAVALOS;EXTRACAD;300
PB;RIO TINTO;EXTRACAD;300
PB;RIO TINTO;EXTRACAD;300
PB;RIO TINTO;EXTRACAD;300
PB;RIO TINTO;EXTRACAD;300
PB;SANTA RITA;EXTRACAD;300
PB;SANTA RITA;EXTRACAD;300
PB;SANTA RITA;EXTRACAD;300
PB;SANTA RITA;EXTRACAD;300
PB;SANTA RITA;EXTRACAD;600
PB;SANTA RITA;EXTRACAD;600
PB;SANTA RITA;EXTRACAD;600
PB;SANTA RITA;BOLSA FAMILIA;1200
PB;SANTA RITA;BOLSA FAMILIA;2251
PB;SAO JOAO DO CARIRI;BOLSA FAMILIA;1098
PB;SAPE;EXTRACAD;300
PB;SAPE;EXTRACAD;300
PB;SAPE;EXTRACAD;300
PB;SAPE;EXTRACAD;300
PB;SERIDO;BOLSA FAMILIA;2199
PB;SOLANEA;CADUNICO;600
PB;SOLANEA;CADUNICO;600
PE;ABREU E LIMA;BOLSA FAMILIA;300
PE;AFOGADOS DA INGAZEIRA;BOLSA FAMILIA;600
PE;ALAGOINHA;BOLSA FAMILIA;1200
PE;AMARAJI;BOLSA FAMILIA;994
PE;ARARIPINA;BOLSA FAMILIA;600
PE;BELO JARDIM;BOLSA FAMILIA;600
PE;BELO JARDIM;BOLSA FAMILIA;1200
PE;CABO DE SANTO AGOSTINHO;BOLSA FAMILIA;600
PE;CABO DE SANTO AGOSTINHO;BOLSA FAMILIA;2099
PE;CABO DE SANTO AGOSTINHO;BOLSA FAMILIA;3000
PE;CARPINA;EXTRACAD;300
PE;CARPINA;EXTRACAD;300
PE;CARPINA;EXTRACAD;300
PE;CARUARU;BOLSA FAMILIA;1200
PE;CARUARU;EXTRACAD;300
PE;CARUARU;EXTRACAD;300
PE;CARUARU;EXTRACAD;300
PE;CARUARU;EXTRACAD;300
PE;CARUARU;EXTRACAD;600
PE;CARUARU;EXTRACAD;600
PE;CARUARU;EXTRACAD;600
PE;CARUARU;EXTRACAD;600
PE;ESCADA;BOLSA FAMILIA;600
PE;FLORESTA;CADUNICO;300
PE;FLORESTA;CADUNICO;300
PE;FLORESTA;CADUNICO;300
PE;GARANHUNS;EXTRACAD;300
PE;GARANHUNS;EXTRACAD;300
PE;GARANHUNS;EXTRACAD;300
PE;GARANHUNS;EXTRACAD;300
PE;IGARASSU;BOLSA FAMILIA;600
PE;IGARASSU;BOLSA FAMILIA;1651
PE;IPUBI;BOLSA FAMILIA;600
PE;IPUBI;BOLSA FAMILIA;1200
PE;JABOATAO DOS GUARARAPES;BOLSA FAMILIA;1200
PE;JABOATAO DOS GUARARAPES;BOLSA FAMILIA;5400
PE;JABOATAO DOS GUARARAPES;EXTRACAD;300
PE;JABOATAO DOS GUARARAPES;EXTRACAD;300
PE;JABOATAO DOS GUARARAPES;EXTRACAD;300
PE;JABOATAO DOS GUARARAPES;EXTRACAD;300
PE;JABOATAO DOS GUARARAPES;EXTRACAD;300
PE;JABOATAO DOS GUARARAPES;EXTRACAD;300
PE;JATOBA;BOLSA FAMILIA;8400
PE;OLINDA;EXTRACAD;300
PE;OLINDA;EXTRACAD;300
PE;OLINDA;EXTRACAD;300
PE;OLINDA;EXTRACAD;300
PE;OLINDA;EXTRACAD;300
PE;OLINDA;EXTRACAD;300
PE;OLINDA;EXTRACAD;300
PE;OLINDA;EXTRACAD;300
PE;OLINDA;EXTRACAD;300
PE;OLINDA;EXTRACAD;300
PE;OLINDA;EXTRACAD;300
PE;OLINDA;EXTRACAD;300
PE;OLINDA;BOLSA FAMILIA;2251
PE;OLINDA;BOLSA FAMILIA;2251
PE;OLINDA;EXTRACAD;300
PE;OLINDA;EXTRACAD;300
PE;OLINDA;EXTRACAD;300
PE;OLINDA;BOLSA FAMILIA;1657
PE;OLINDA;BOLSA FAMILIA;800
PE;OLINDA;EXTRACAD;300
PE;OLINDA;EXTRACAD;300
PE;OLINDA;EXTRACAD;300
PE;OLINDA;EXTRACAD;300
PE;OLINDA;EXTRACAD;300
PE;OLINDA;EXTRACAD;300
PE;OLINDA;EXTRACAD;300
PE;OLINDA;EXTRACAD;300
PE;OLINDA;BOLSA FAMILIA;1200
PE;PAULISTA;EXTRACAD;600
PE;PAULISTA;EXTRACAD;600
PE;PAULISTA;EXTRACAD;600
PE;PAULISTA;EXTRACAD;600
PE;PAULISTA;EXTRACAD;600
PE;PAULISTA;EXTRACAD;300
PE;PAULISTA;EXTRACAD;300
PE;PAULISTA;EXTRACAD;300
PE;PAULISTA;EXTRACAD;300
PE;PAULISTA;BOLSA FAMILIA;1800
PE;PAULISTA;BOLSA FAMILIA;1200
PE;PAULISTA;BOLSA FAMILIA;800
PE;PAULISTA;BOLSA FAMILIA;1100
PE;PAULISTA;EXTRACAD;300
PE;PAULISTA;EXTRACAD;300
PE;PAULISTA;EXTRACAD;300
PE;PAULISTA;EXTRACAD;300
PE;PETROLINA;EXTRACAD;300
PE;PETROLINA;EXTRACAD;300
PE;PETROLINA;EXTRACAD;300
PE;PETROLINA;EXTRACAD;300
PE;RECIFE;BOLSA FAMILIA;3000
PE;RECIFE;EXTRACAD;300
PE;RECIFE;EXTRACAD;300
PE;RECIFE;EXTRACAD;300
PE;RECIFE;EXTRACAD;300
PE;RECIFE;EXTRACAD;300
PE;RECIFE;EXTRACAD;300
PE;RECIFE;EXTRACAD;300
PE;RECIFE;EXTRACAD;300
PE;RECIFE;EXTRACAD;300
PE;RECIFE;EXTRACAD;300
PE;RECIFE;EXTRACAD;600
PE;RECIFE;EXTRACAD;600
PE;RECIFE;EXTRACAD;600
PE;RECIFE;EXTRACAD;600
PE;RECIFE;EXTRACAD;600
PE;RECIFE;CADUNICO;300
PE;RECIFE;CADUNICO;300
PE;RECIFE;CADUNICO;300
PE;RECIFE;CADUNICO;300
PE;RECIFE;EXTRACAD;600
PE;RECIFE;EXTRACAD;300
PE;RECIFE;EXTRACAD;600
PE;RECIFE;EXTRACAD;300
PE;RECIFE;EXTRACAD;300
PE;RECIFE;EXTRACAD;300
PE;RECIFE;EXTRACAD;600
PE;RECIFE;EXTRACAD;300
PE;RECIFE;EXTRACAD;300
PE;RECIFE;EXTRACAD;300
PE;RECIFE;EXTRACAD;300
PE;RECIFE;EXTRACAD;300
PE;RECIFE;EXTRACAD;300
PE;RECIFE;EXTRACAD;300
PE;RECIFE;EXTRACAD;300
PE;RECIFE;EXTRACAD;300
PE;RECIFE;EXTRACAD;300
PE;RECIFE;EXTRACAD;300
PE;RECIFE;EXTRACAD;300
PE;RECIFE;EXTRACAD;600
PE;RECIFE;EXTRACAD;600
PE;RECIFE;EXTRACAD;600
PE;RECIFE;EXTRACAD;600
PE;RECIFE;BOLSA FAMILIA;1187
PE;RECIFE;BOLSA FAMILIA;600
PE;RECIFE;EXTRACAD;300
PE;RECIFE;EXTRACAD;300
PE;RECIFE;EXTRACAD;300
PE;RECIFE;EXTRACAD;300
PE;RECIFE;EXTRACAD;300
PE;RECIFE;EXTRACAD;300
PE;RECIFE;EXTRACAD;300
PE;RECIFE;EXTRACAD;300
PE;RECIFE;EXTRACAD;300
PE;RECIFE;EXTRACAD;300
PE;RECIFE;EXTRACAD;300
PE;RECIFE;EXTRACAD;300
PE;RECIFE;EXTRACAD;300
PE;RECIFE;EXTRACAD;300
PE;RECIFE;BOLSA FAMILIA;3000
PE;RECIFE;BOLSA FAMILIA;1853
PE;RECIFE;BOLSA FAMILIA;1100
PE;RECIFE;EXTRACAD;300
PE;RECIFE;EXTRACAD;300
PE;RECIFE;EXTRACAD;300
PE;RECIFE;EXTRACAD;300
PE;RECIFE;CADUNICO;600
PE;SAO BENTO DO UNA;BOLSA FAMILIA;1098
PE;SERRA TALHADA;BOLSA FAMILIA;1200
PE;SERRA TALHADA;BOLSA FAMILIA;600
PE;TAQUARITINGA DO NORTE;EXTRACAD;300
PE;TAQUARITINGA DO NORTE;EXTRACAD;300
PE;TAQUARITINGA DO NORTE;EXTRACAD;300
PE;TAQUARITINGA DO NORTE;EXTRACAD;300
PE;TAQUARITINGA DO NORTE;BOLSA FAMILIA;2400
PE;TAQUARITINGA DO NORTE;BOLSA FAMILIA;1200
PE;VICENCIA;EXTRACAD;300
PE;VICENCIA;EXTRACAD;300
PE;VICENCIA;EXTRACAD;300
PE;VICENCIA;EXTRACAD;300
PE;VICENCIA;CADUNICO;300
PE;VICENCIA;CADUNICO;300
PE;VICENCIA;CADUNICO;300
PE;VICENCIA;CADUNICO;300
PE;VICENCIA;EXTRACAD;300
PE;VICENCIA;EXTRACAD;300
PI;AGUA BRANCA;EXTRACAD;300
PI;AGUA BRANCA;EXTRACAD;300
PI;AGUA BRANCA;EXTRACAD;300
PI;AGUA BRANCA;EXTRACAD;300
PI;ALTOS;BOLSA FAMILIA;1670
PI;CAMPINAS DO PIAUI;BOLSA FAMILIA;1200
PI;CAMPINAS DO PIAUI;BOLSA FAMILIA;600
PI;JOSE DE FREITAS;BOLSA FAMILIA;1051
PI;PEDRO II;BOLSA FAMILIA;2400
PI;PEDRO II;BOLSA FAMILIA;1200
PI;PICOS;BOLSA FAMILIA;1200
PI;SAO FELIX DO PIAUI;BOLSA FAMILIA;2219
PI;TERESINA;EXTRACAD;300
PI;TERESINA;EXTRACAD;300
PI;TERESINA;EXTRACAD;300
PI;TERESINA;EXTRACAD;300
PI;TERESINA;BOLSA FAMILIA;1200
PI;TERESINA;BOLSA FAMILIA;600
PI;TERESINA;EXTRACAD;300
PI;TERESINA;EXTRACAD;300
PI;TERESINA;EXTRACAD;300
PI;TERESINA;BOLSA FAMILIA;1070
PI;TERESINA;BOLSA FAMILIA;1200
PI;TERESINA;BOLSA FAMILIA;2400
PI;TERESINA;EXTRACAD;600
PI;TERESINA;EXTRACAD;600
PI;TERESINA;EXTRACAD;600
PI;TERESINA;BOLSA FAMILIA;2400
PI;TERESINA;BOLSA FAMILIA;1200
PI;TERESINA;EXTRACAD;300
PI;TERESINA;EXTRACAD;300
PI;TERESINA;BOLSA FAMILIA;600
PI;TERESINA;BOLSA FAMILIA;1200
PI;TERESINA;EXTRACAD;600
PI;TERESINA;EXTRACAD;600
PI;TERESINA;EXTRACAD;600
PI;TERESINA;EXTRACAD;300
PI;TERESINA;EXTRACAD;300
PI;TERESINA;EXTRACAD;300
PI;TERESINA;EXTRACAD;300
PI;VILA NOVA DO PIAUI;BOLSA FAMILIA;1200
PI;VILA NOVA DO PIAUI;BOLSA FAMILIA;3000
PR;CASCAVEL;BOLSA FAMILIA;300
PR;CASCAVEL;EXTRACAD;300
PR;CASCAVEL;EXTRACAD;300
PR;CORNELIO PROCOPIO;BOLSA FAMILIA;600
PR;CORNELIO PROCOPIO;BOLSA FAMILIA;3000
PR;CURITIBA;EXTRACAD;600
PR;CURITIBA;EXTRACAD;300
PR;CURITIBA;EXTRACAD;300
PR;CURITIBA;EXTRACAD;300
PR;CURITIBA;EXTRACAD;300
PR;CURITIBA;EXTRACAD;600
PR;CURITIBA;EXTRACAD;600
PR;CURITIBA;EXTRACAD;300
PR;CURITIBA;EXTRACAD;600
PR;CURITIBA;EXTRACAD;600
PR;CURITIBA;EXTRACAD;600
PR;CURITIBA;EXTRACAD;1200
PR;CURITIBA;EXTRACAD;600
PR;CURITIBA;EXTRACAD;1200
PR;FOZ DO IGUACU;EXTRACAD;600
PR;FOZ DO IGUACU;EXTRACAD;600
PR;FOZ DO IGUACU;EXTRACAD;600
PR;FRANCISCO BELTRAO;CADUNICO;600
PR;ITAMBE;EXTRACAD;600
PR;ITAMBE;EXTRACAD;600
PR;ITAMBE;EXTRACAD;300
PR;ITAMBE;EXTRACAD;300
PR;ITAMBE;EXTRACAD;300
PR;ITAMBE;EXTRACAD;600
PR;ITAMBE;EXTRACAD;600
PR;ITAMBE;EXTRACAD;300
PR;ITAUNA DO SUL;BOLSA FAMILIA;3000
PR;ITAUNA DO SUL;BOLSA FAMILIA;600
PR;LAPA;BOLSA FAMILIA;1651
PR;LONDRINA;BOLSA FAMILIA;600
PR;MAMBORE;CADUNICO;300
PR;MAMBORE;CADUNICO;600
PR;MAMBORE;CADUNICO;600
PR;MAMBORE;CADUNICO;300
PR;MAMBORE;CADUNICO;600
PR;MAMBORE;CADUNICO;300
PR;MAMBORE;CADUNICO;600
PR;MAMBORE;CADUNICO;300
PR;MAMBORE;CADUNICO;600
PR;MARINGA;EXTRACAD;600
PR;MARINGA;EXTRACAD;600
PR;MARINGA;EXTRACAD;600
PR;MARINGA;EXTRACAD;600
PR;MARINGA;EXTRACAD;600
PR;MARINGA;EXTRACAD;600
PR;MARINGA;EXTRACAD;300
PR;MARINGA;EXTRACAD;600
PR;MARINGA;EXTRACAD;600
PR;PARANAGUA;BOLSA FAMILIA;798
PR;PARANAVAI;CADUNICO;600
PR;PARANAVAI;CADUNICO;600
PR;PARANAVAI;CADUNICO;600
PR;PARANAVAI;CADUNICO;600
PR;PARANAVAI;CADUNICO;600
PR;PARANAVAI;EXTRACAD;600
PR;PARANAVAI;EXTRACAD;600
PR;PARANAVAI;EXTRACAD;600
PR;PARANAVAI;EXTRACAD;300
PR;PARANAVAI;EXTRACAD;600
PR;PARANAVAI;EXTRACAD;300
PR;PARANAVAI;EXTRACAD;300
PR;PARANAVAI;EXTRACAD;600
PR;PARANAVAI;EXTRACAD;300
PR;QUEDAS DO IGUACU;BOLSA FAMILIA;600
PR;SAO JOSE DOS PINHAIS;CADUNICO;600
PR;SAO JOSE DOS PINHAIS;CADUNICO;600
PR;SAO JOSE DOS PINHAIS;CADUNICO;600
PR;SAO JOSE DOS PINHAIS;CADUNICO;600
PR;SAO MATEUS DO SUL;BOLSA FAMILIA;531
PR;VERA CRUZ DO OESTE;EXTRACAD;300
PR;VERA CRUZ DO OESTE;EXTRACAD;300
PR;VERA CRUZ DO OESTE;EXTRACAD;300
PR;VERA CRUZ DO OESTE;EXTRACAD;300
RJ;ARARUAMA;EXTRACAD;600
RJ;ARMACAO DOS BUZIOS;BOLSA FAMILIA;3000
RJ;ARMACAO DOS BUZIOS;BOLSA FAMILIA;1200
RJ;ARMACAO DOS BUZIOS;EXTRACAD;600
RJ;ARMACAO DOS BUZIOS;EXTRACAD;600
RJ;ARMACAO DOS BUZIOS;EXTRACAD;300
RJ;ARMACAO DOS BUZIOS;EXTRACAD;300
RJ;ARMACAO DOS BUZIOS;EXTRACAD;600
RJ;ARMACAO DOS BUZIOS;EXTRACAD;300
RJ;ARMACAO DOS BUZIOS;EXTRACAD;600
RJ;ARMACAO DOS BUZIOS;EXTRACAD;300
RJ;ARMACAO DOS BUZIOS;EXTRACAD;600
RJ;ARRAIAL DO CABO;EXTRACAD;300
RJ;ARRAIAL DO CABO;EXTRACAD;600
RJ;ARRAIAL DO CABO;EXTRACAD;600
RJ;ARRAIAL DO CABO;EXTRACAD;300
RJ;ARRAIAL DO CABO;EXTRACAD;300
RJ;ARRAIAL DO CABO;EXTRACAD;600
RJ;ARRAIAL DO CABO;EXTRACAD;300
RJ;ARRAIAL DO CABO;EXTRACAD;600
RJ;ARRAIAL DO CABO;EXTRACAD;600
RJ;BARRA DO PIRAI;EXTRACAD;300
RJ;BARRA DO PIRAI;EXTRACAD;300
RJ;BARRA DO PIRAI;EXTRACAD;300
RJ;BARRA DO PIRAI;EXTRACAD;300
RJ;BOM JESUS DO ITABAPOANA;BOLSA FAMILIA;3000
RJ;CABO FRIO;EXTRACAD;600
RJ;CABO FRIO;BOLSA FAMILIA;1200
RJ;CABO FRIO;EXTRACAD;300
RJ;CABO FRIO;EXTRACAD;300
RJ;CABO FRIO;EXTRACAD;300
RJ;CABO FRIO;EXTRACAD;600
RJ;CABO FRIO;EXTRACAD;300
RJ;CABO FRIO;EXTRACAD;600
RJ;CABO FRIO;EXTRACAD;600
RJ;CABO FRIO;EXTRACAD;600
RJ;CABO FRIO;EXTRACAD;600
RJ;CABO FRIO;EXTRACAD;600
RJ;CABO FRIO;EXTRACAD;600
RJ;CABO FRIO;EXTRACAD;600
RJ;CABO FRIO;EXTRACAD;600
RJ;CABO FRIO;BOLSA FAMILIA;1200
RJ;CAMPOS DOS GOYTACAZES;BOLSA FAMILIA;2400
RJ;MACAE;EXTRACAD;600
RJ;MACAE;EXTRACAD;600
RJ;MACAE;EXTRACAD;600
RJ;MACAE;EXTRACAD;600
RJ;MACAE;EXTRACAD;1200
RJ;MACAE;EXTRACAD;1200
RJ;MAGE;EXTRACAD;600
RJ;NITEROI;EXTRACAD;300
RJ;NITEROI;EXTRACAD;300
RJ;NITEROI;EXTRACAD;300
RJ;NITEROI;EXTRACAD;600
RJ;NITEROI;EXTRACAD;600
RJ;NITEROI;EXTRACAD;600
RJ;NITEROI;BOLSA FAMILIA;1200
RJ;NOVA IGUACU;EXTRACAD;300
RJ;NOVA IGUACU;EXTRACAD;600
RJ;NOVA IGUACU;EXTRACAD;600
RJ;NOVA IGUACU;EXTRACAD;300
RJ;NOVA IGUACU;EXTRACAD;600
RJ;NOVA IGUACU;EXTRACAD;300
RJ;NOVA IGUACU;EXTRACAD;600
RJ;NOVA IGUACU;EXTRACAD;300
RJ;NOVA IGUACU;EXTRACAD;600
RJ;NOVA IGUACU;BOLSA FAMILIA;2015
RJ;NOVA IGUACU;BOLSA FAMILIA;3000
RJ;NOVA IGUACU;BOLSA FAMILIA;1815
RJ;NOVA IGUACU;BOLSA FAMILIA;1200
RJ;NOVA IGUACU;BOLSA FAMILIA;2098
RJ;NOVA IGUACU;EXTRACAD;600
RJ;NOVA IGUACU;EXTRACAD;600
RJ;NOVA IGUACU;EXTRACAD;600
RJ;NOVA IGUACU;EXTRACAD;600
RJ;PETROPOLIS;EXTRACAD;600
RJ;PETROPOLIS;EXTRACAD;1200
RJ;PETROPOLIS;EXTRACAD;300
RJ;PETROPOLIS;EXTRACAD;300
RJ;PETROPOLIS;EXTRACAD;300
RJ;PETROPOLIS;EXTRACAD;600
RJ;PETROPOLIS;EXTRACAD;600
RJ;PETROPOLIS;EXTRACAD;300
RJ;PETROPOLIS;EXTRACAD;600
RJ;PETROPOLIS;EXTRACAD;300
RJ;PETROPOLIS;EXTRACAD;300
RJ;PETROPOLIS;EXTRACAD;300
RJ;RIO DAS OSTRAS;BOLSA FAMILIA;1200
RJ;RIO DAS OSTRAS;BOLSA FAMILIA;600
RJ;RIO DE JANEIRO;CADUNICO;600
RJ;RIO DE JANEIRO;CADUNICO;600
RJ;RIO DE JANEIRO;EXTRACAD;300
RJ;RIO DE JANEIRO;EXTRACAD;300
RJ;RIO DE JANEIRO;EXTRACAD;300
RJ;RIO DE JANEIRO;EXTRACAD;600
RJ;RIO DE JANEIRO;EXTRACAD;300
RJ;RIO DE JANEIRO;EXTRACAD;600
RJ;RIO DE JANEIRO;EXTRACAD;600
RJ;RIO DE JANEIRO;EXTRACAD;600
RJ;RIO DE JANEIRO;EXTRACAD;600
RJ;RIO DE JANEIRO;EXTRACAD;300
RJ;RIO DE JANEIRO;EXTRACAD;600
RJ;RIO DE JANEIRO;EXTRACAD;600
RJ;RIO DE JANEIRO;EXTRACAD;600
RJ;RIO DE JANEIRO;EXTRACAD;300
RJ;RIO DE JANEIRO;EXTRACAD;600
RJ;RIO DE JANEIRO;EXTRACAD;600
RJ;RIO DE JANEIRO;EXTRACAD;600
RJ;RIO DE JANEIRO;EXTRACAD;300
RJ;RIO DE JANEIRO;EXTRACAD;600
RJ;RIO DE JANEIRO;EXTRACAD;600
RJ;RIO DE JANEIRO;EXTRACAD;300
RJ;RIO DE JANEIRO;EXTRACAD;300
RJ;RIO DE JANEIRO;EXTRACAD;600
RJ;RIO DE JANEIRO;EXTRACAD;600
RJ;RIO DE JANEIRO;EXTRACAD;300
RJ;RIO DE JANEIRO;EXTRACAD;600
RJ;RIO DE JANEIRO;EXTRACAD;600
RJ;RIO DE JANEIRO;EXTRACAD;300
RJ;RIO DE JANEIRO;EXTRACAD;300
RJ;RIO DE JANEIRO;EXTRACAD;300
RJ;RIO DE JANEIRO;EXTRACAD;600
RJ;RIO DE JANEIRO;EXTRACAD;600
RJ;RIO DE JANEIRO;EXTRACAD;300
RJ;RIO DE JANEIRO;EXTRACAD;600
RJ;RIO DE JANEIRO;EXTRACAD;600
RJ;RIO DE JANEIRO;EXTRACAD;600
RJ;RIO DE JANEIRO;EXTRACAD;600
RJ;RIO DE JANEIRO;EXTRACAD;600
RJ;RIO DE JANEIRO;EXTRACAD;300
RJ;RIO DE JANEIRO;EXTRACAD;300
RJ;RIO DE JANEIRO;BOLSA FAMILIA;2202
RJ;RIO DE JANEIRO;EXTRACAD;300
RJ;RIO DE JANEIRO;EXTRACAD;600
RJ;RIO DE JANEIRO;EXTRACAD;600
RJ;RIO DE JANEIRO;EXTRACAD;300
RJ;RIO DE JANEIRO;EXTRACAD;300
RJ;RIO DE JANEIRO;EXTRACAD;600
RJ;RIO DE JANEIRO;EXTRACAD;600
RJ;RIO DE JANEIRO;EXTRACAD;300
RJ;RIO DE JANEIRO;EXTRACAD;600
RJ;RIO DE JANEIRO;EXTRACAD;600
RJ;RIO DE JANEIRO;EXTRACAD;600
RJ;RIO DE JANEIRO;EXTRACAD;600
RJ;RIO DE JANEIRO;EXTRACAD;600
RJ;RIO DE JANEIRO;EXTRACAD;300
RJ;RIO DE JANEIRO;EXTRACAD;300
RJ;RIO DE JANEIRO;EXTRACAD;600
RJ;RIO DE JANEIRO;EXTRACAD;300
RJ;RIO DE JANEIRO;EXTRACAD;300
RJ;RIO DE JANEIRO;EXTRACAD;300
RJ;RIO DE JANEIRO;EXTRACAD;300
RJ;RIO DE JANEIRO;EXTRACAD;300
RJ;RIO DE JANEIRO;EXTRACAD;600
RJ;RIO DE JANEIRO;EXTRACAD;300
RJ;RIO DE JANEIRO;EXTRACAD;300
RJ;RIO DE JANEIRO;EXTRACAD;300
RJ;RIO DE JANEIRO;EXTRACAD;600
RJ;RIO DE JANEIRO;EXTRACAD;600
RJ;RIO DE JANEIRO;EXTRACAD;600
RJ;RIO DE JANEIRO;EXTRACAD;600
RJ;RIO DE JANEIRO;BOLSA FAMILIA;3600
RJ;RIO DE JANEIRO;BOLSA FAMILIA;600
RJ;RIO DE JANEIRO;BOLSA FAMILIA;4200
RJ;RIO DE JANEIRO;CADUNICO;600
RJ;RIO DE JANEIRO;CADUNICO;600
RJ;RIO DE JANEIRO;CADUNICO;300
RJ;RIO DE JANEIRO;CADUNICO;600
RJ;RIO DE JANEIRO;CADUNICO;300
RJ;RIO DE JANEIRO;CADUNICO;300
RJ;RIO DE JANEIRO;CADUNICO;300
RJ;RIO DE JANEIRO;CADUNICO;600
RJ;RIO DE JANEIRO;CADUNICO;600
RJ;RIO DE JANEIRO;BOLSA FAMILIA;1098
RJ;SAO FIDELIS;EXTRACAD;600
RJ;SAO FIDELIS;EXTRACAD;600
RJ;SAO GONCALO;EXTRACAD;600
RJ;SAO GONCALO;BOLSA FAMILIA;3000
RJ;SAO GONCALO;BOLSA FAMILIA;1200
RJ;SAO GONCALO;BOLSA FAMILIA;2098
RJ;SAO JOAO DE MERITI;EXTRACAD;600
RJ;SAO JOAO DE MERITI;EXTRACAD;600
RJ;SAO JOAO DE MERITI;EXTRACAD;600
RJ;SAO JOAO DE MERITI;EXTRACAD;600
RJ;SAO JOAO DE MERITI;EXTRACAD;600
RJ;SAO JOAO DE MERITI;EXTRACAD;300
RJ;SAO JOAO DE MERITI;EXTRACAD;300
RJ;SAO JOAO DE MERITI;EXTRACAD;300
RJ;SAO JOAO DE MERITI;EXTRACAD;600
RJ;SAO JOAO DE MERITI;EXTRACAD;300
RJ;SAO PEDRO DA ALDEIA;EXTRACAD;300
RJ;SAO PEDRO DA ALDEIA;EXTRACAD;300
RJ;SAO PEDRO DA ALDEIA;EXTRACAD;300
RJ;SAO PEDRO DA ALDEIA;EXTRACAD;300
RJ;SAQUAREMA;EXTRACAD;600
RJ;SAQUAREMA;EXTRACAD;600
RJ;SAQUAREMA;EXTRACAD;300
RJ;SAQUAREMA;EXTRACAD;300
RJ;SAQUAREMA;EXTRACAD;600
RJ;SAQUAREMA;EXTRACAD;600
RJ;SAQUAREMA;EXTRACAD;600
RJ;SAQUAREMA;EXTRACAD;600
RJ;SAQUAREMA;EXTRACAD;300
RJ;TERESOPOLIS;EXTRACAD;300
RJ;TERESOPOLIS;EXTRACAD;300
RJ;TERESOPOLIS;EXTRACAD;300
RJ;VOLTA REDONDA;EXTRACAD;600
RJ;VOLTA REDONDA;EXTRACAD;600
RJ;VOLTA REDONDA;EXTRACAD;600
RJ;VOLTA REDONDA;EXTRACAD;600
RN;BREJINHO;BOLSA FAMILIA;1200
RN;BREJINHO;BOLSA FAMILIA;2400
RN;CARAUBAS;BOLSA FAMILIA;3000
RN;CEARA-MIRIM;BOLSA FAMILIA;970
RN;EQUADOR;CADUNICO;600
RN;EQUADOR;CADUNICO;1200
RN;EQUADOR;CADUNICO;1200
RN;EQUADOR;CADUNICO;1200
RN;EQUADOR;CADUNICO;600
RN;EQUADOR;CADUNICO;600
RN;EQUADOR;CADUNICO;1200
RN;EQUADOR;CADUNICO;1200
RN;EQUADOR;CADUNICO;600
RN;GOIANINHA;BOLSA FAMILIA;6000
RN;GOIANINHA;BOLSA FAMILIA;2400
RN;MARTINS;CADUNICO;600
RN;MOSSORO;EXTRACAD;300
RN;MOSSORO;EXTRACAD;300
RN;MOSSORO;EXTRACAD;300
RN;MOSSORO;EXTRACAD;300
RN;MOSSORO;BOLSA FAMILIA;2251
RN;MOSSORO;EXTRACAD;300
RN;MOSSORO;EXTRACAD;300
RN;MOSSORO;EXTRACAD;300
RN;MOSSORO;EXTRACAD;300
RN;NATAL;CADUNICO;300
RN;NATAL;CADUNICO;300
RN;NATAL;CADUNICO;300
RN;NATAL;CADUNICO;300
RN;NATAL;CADUNICO;300
RN;NATAL;CADUNICO;600
RN;NATAL;CADUNICO;600
RN;NATAL;CADUNICO;300
RN;NATAL;CADUNICO;600
RN;NATAL;CADUNICO;300
RN;NATAL;CADUNICO;600
RN;NATAL;CADUNICO;600
RN;NATAL;CADUNICO;300
RN;NATAL;BOLSA FAMILIA;1200
RN;RIO DO FOGO;BOLSA FAMILIA;2400
RN;RIO DO FOGO;BOLSA FAMILIA;1200
RN;SANTA CRUZ;EXTRACAD;300
RN;SANTA CRUZ;EXTRACAD;300
RN;SANTA CRUZ;EXTRACAD;300
RN;SANTA CRUZ;EXTRACAD;300
RN;SAO GONCALO DO AMARANTE;EXTRACAD;600
RN;SAO GONCALO DO AMARANTE;EXTRACAD;600
RN;SAO GONCALO DO AMARANTE;EXTRACAD;300
RN;SAO GONCALO DO AMARANTE;EXTRACAD;300
RN;SAO GONCALO DO AMARANTE;EXTRACAD;300
RN;SAO GONCALO DO AMARANTE;EXTRACAD;300
RN;SAO GONCALO DO AMARANTE;EXTRACAD;600
RN;SAO GONCALO DO AMARANTE;EXTRACAD;600
RN;SAO GONCALO DO AMARANTE;EXTRACAD;600
RN;TIMBAUBA DOS BATISTAS;BOLSA FAMILIA;1200
RN;TOUROS;BOLSA FAMILIA;1200
RO;ALTA FLORESTA D'OESTE;EXTRACAD;300
RO;ALTA FLORESTA D'OESTE;EXTRACAD;300
RO;ALTA FLORESTA D'OESTE;EXTRACAD;300
RO;ALTA FLORESTA D'OESTE;EXTRACAD;300
RO;JI-PARANA;BOLSA FAMILIA;1100
RO;PARECIS;CADUNICO;300
RO;PARECIS;CADUNICO;300
RO;PARECIS;CADUNICO;300
RO;PORTO VELHO;EXTRACAD;600
RO;PORTO VELHO;EXTRACAD;600
RO;PORTO VELHO;EXTRACAD;600
RO;PORTO VELHO;EXTRACAD;600
RO;PORTO VELHO;EXTRACAD;600
RO;PORTO VELHO;BOLSA FAMILIA;1200
RO;PORTO VELHO;EXTRACAD;600
RO;PORTO VELHO;EXTRACAD;600
RO;PORTO VELHO;EXTRACAD;300
RO;PORTO VELHO;EXTRACAD;300
RO;PORTO VELHO;EXTRACAD;600
RO;PORTO VELHO;EXTRACAD;300
RO;PORTO VELHO;EXTRACAD;600
RO;PORTO VELHO;EXTRACAD;600
RO;PORTO VELHO;EXTRACAD;300
RO;PORTO VELHO;BOLSA FAMILIA;2400
RO;PORTO VELHO;BOLSA FAMILIA;1200
RO;PORTO VELHO;CADUNICO;300
RO;PORTO VELHO;CADUNICO;300
RO;PORTO VELHO;CADUNICO;300
RO;PORTO VELHO;CADUNICO;300
RO;PORTO VELHO;CADUNICO;600
RO;PORTO VELHO;EXTRACAD;600
RO;PORTO VELHO;EXTRACAD;300
RO;PORTO VELHO;EXTRACAD;600
RO;PORTO VELHO;EXTRACAD;300
RO;PORTO VELHO;EXTRACAD;600
RO;PORTO VELHO;EXTRACAD;600
RO;PORTO VELHO;EXTRACAD;600
RO;PORTO VELHO;EXTRACAD;300
RO;PORTO VELHO;EXTRACAD;300
RO;PORTO VELHO;CADUNICO;600
RO;PORTO VELHO;CADUNICO;600
RO;PORTO VELHO;CADUNICO;600
RO;PORTO VELHO;EXTRACAD;300
RO;PORTO VELHO;EXTRACAD;300
RO;PORTO VELHO;EXTRACAD;600
RO;PORTO VELHO;EXTRACAD;600
RO;PORTO VELHO;EXTRACAD;300
RO;PORTO VELHO;EXTRACAD;600
RO;PORTO VELHO;EXTRACAD;600
RO;PORTO VELHO;EXTRACAD;600
RO;PORTO VELHO;EXTRACAD;300
RO;PORTO VELHO;BOLSA FAMILIA;2400
RO;PORTO VELHO;EXTRACAD;300
RO;PORTO VELHO;EXTRACAD;300
RO;PORTO VELHO;EXTRACAD;300
RO;PORTO VELHO;EXTRACAD;300
RO;VILHENA;EXTRACAD;300
RO;VILHENA;EXTRACAD;300
RO;VILHENA;EXTRACAD;300
RR;BOA VISTA;BOLSA FAMILIA;1200
RR;BOA VISTA;BOLSA FAMILIA;2400
RR;BOA VISTA;EXTRACAD;300
RR;BOA VISTA;EXTRACAD;300
RR;BOA VISTA;EXTRACAD;300
RR;BOA VISTA;EXTRACAD;300
RR;BOA VISTA;BOLSA FAMILIA;3000
RR;BOA VISTA;BOLSA FAMILIA;1200
RR;BOA VISTA;BOLSA FAMILIA;2400
RR;BOA VISTA;BOLSA FAMILIA;1200
RR;BOA VISTA;BOLSA FAMILIA;992
RR;BOA VISTA;EXTRACAD;600
RR;BOA VISTA;EXTRACAD;300
RR;BOA VISTA;EXTRACAD;300
RR;BOA VISTA;EXTRACAD;600
RR;BOA VISTA;EXTRACAD;300
RR;BOA VISTA;EXTRACAD;600
RR;BOA VISTA;EXTRACAD;300
RR;BOA VISTA;EXTRACAD;600
RR;BOA VISTA;BOLSA FAMILIA;2202
RR;BOA VISTA;BOLSA FAMILIA;1200
RR;BOA VISTA;BOLSA FAMILIA;1200
RR;BOA VISTA;BOLSA FAMILIA;600
RR;BOA VISTA;BOLSA FAMILIA;2145
RR;BONFIM;BOLSA FAMILIA;1643
RR;RORAINOPOLIS;CADUNICO;1200
RR;RORAINOPOLIS;CADUNICO;1200
RR;RORAINOPOLIS;CADUNICO;1200
RR;RORAINOPOLIS;BOLSA FAMILIA;2098
RS;ALEGRETE;BOLSA FAMILIA;1240
RS;ALVORADA;EXTRACAD;600
RS;ALVORADA;EXTRACAD;600
RS;ALVORADA;EXTRACAD;1200
RS;ALVORADA;EXTRACAD;600
RS;ALVORADA;EXTRACAD;600
RS;ALVORADA;EXTRACAD;1200
RS;ALVORADA;CADUNICO;600
RS;ALVORADA;CADUNICO;600
RS;BAGE;BOLSA FAMILIA;1599
RS;BAGE;EXTRACAD;300
RS;BAGE;EXTRACAD;300
RS;BAGE;EXTRACAD;300
RS;BAGE;EXTRACAD;300
RS;BAGE;BOLSA FAMILIA;600
RS;BAGE;BOLSA FAMILIA;1800
RS;CACAPAVA DO SUL;EXTRACAD;600
RS;CACAPAVA DO SUL;EXTRACAD;600
RS;CACHOEIRA DO SUL;BOLSA FAMILIA;2055
RS;CAMAQUA;BOLSA FAMILIA;900
RS;CANOAS;CADUNICO;1200
RS;CANOAS;CADUNICO;1200
RS;CANOAS;EXTRACAD;300
RS;CANOAS;EXTRACAD;300
RS;CANOAS;EXTRACAD;300
RS;CANOAS;EXTRACAD;300
RS;CANOAS;EXTRACAD;300
RS;CANOAS;EXTRACAD;300
RS;CANOAS;EXTRACAD;300
RS;CANOAS;EXTRACAD;300
RS;CANOAS;EXTRACAD;300
RS;CANOAS;EXTRACAD;300
RS;CANOAS;EXTRACAD;300
RS;CANOAS;CADUNICO;600
RS;CANOAS;CADUNICO;600
RS;CANOAS;CADUNICO;300
RS;CANOAS;CADUNICO;300
RS;CANOAS;BOLSA FAMILIA;2400
RS;CANOAS;BOLSA FAMILIA;1200
RS;CAPIVARI DO SUL;BOLSA FAMILIA;4200
RS;CAPIVARI DO SUL;EXTRACAD;300
RS;CAPIVARI DO SUL;EXTRACAD;300
RS;CAPIVARI DO SUL;EXTRACAD;300
RS;CAPIVARI DO SUL;EXTRACAD;300
RS;CAXIAS DO SUL;EXTRACAD;600
RS;CAXIAS DO SUL;EXTRACAD;600
RS;CAXIAS DO SUL;EXTRACAD;600
RS;CAXIAS DO SUL;BOLSA FAMILIA;798
RS;CRUZ ALTA;EXTRACAD;300
RS;ELDORADO DO SUL;EXTRACAD;300
RS;ELDORADO DO SUL;EXTRACAD;300
RS;ELDORADO DO SUL;EXTRACAD;300
RS;ELDORADO DO SUL;EXTRACAD;300
RS;ERECHIM;BOLSA FAMILIA;1651
RS;ESPUMOSO;CADUNICO;600
RS;ESPUMOSO;CADUNICO;600
RS;ESPUMOSO;CADUNICO;600
RS;ESPUMOSO;CADUNICO;600
RS;ESTEIO;BOLSA FAMILIA;798
RS;GENERAL CAMARA;BOLSA FAMILIA;1098
RS;GUAIBA;EXTRACAD;300
RS;GUAIBA;EXTRACAD;300
RS;GUAIBA;EXTRACAD;300
RS;LAJEADO;EXTRACAD;600
RS;LAJEADO;EXTRACAD;600
RS;LAJEADO;EXTRACAD;600
RS;LAJEADO;EXTRACAD;600
RS;LAJEADO;EXTRACAD;600
RS;LAJEADO;EXTRACAD;300
RS;LINDOLFO COLLOR;EXTRACAD;600
RS;LINDOLFO COLLOR;EXTRACAD;600
RS;LINDOLFO COLLOR;EXTRACAD;600
RS;LINDOLFO COLLOR;EXTRACAD;600
RS;NONOAI;BOLSA FAMILIA;600
RS;NOVA SANTA RITA;BOLSA FAMILIA;800
RS;NOVA SANTA RITA;BOLSA FAMILIA;600
RS;NOVO HAMBURGO;EXTRACAD;300
RS;NOVO HAMBURGO;EXTRACAD;300
RS;NOVO HAMBURGO;EXTRACAD;600
RS;NOVO HAMBURGO;EXTRACAD;600
RS;NOVO HAMBURGO;EXTRACAD;300
RS;NOVO HAMBURGO;EXTRACAD;600
RS;NOVO HAMBURGO;EXTRACAD;600
RS;NOVO HAMBURGO;EXTRACAD;300
RS;NOVO HAMBURGO;EXTRACAD;600
RS;PAROBE;EXTRACAD;600
RS;PAROBE;EXTRACAD;600
RS;PAROBE;EXTRACAD;600
RS;PELOTAS;BOLSA FAMILIA;600
RS;PELOTAS;BOLSA FAMILIA;1200
RS;PELOTAS;BOLSA FAMILIA;798
RS;PELOTAS;BOLSA FAMILIA;1135
RS;PELOTAS;BOLSA FAMILIA;798
RS;PELOTAS;BOLSA FAMILIA;798
RS;PELOTAS;EXTRACAD;600
RS;PELOTAS;EXTRACAD;300
RS;PELOTAS;EXTRACAD;300
RS;PELOTAS;EXTRACAD;600
RS;PELOTAS;EXTRACAD;300
RS;PELOTAS;EXTRACAD;600
RS;PELOTAS;EXTRACAD;600
RS;PELOTAS;EXTRACAD;600
RS;PELOTAS;EXTRACAD;600
RS;PORTO ALEGRE;EXTRACAD;300
RS;PORTO ALEGRE;EXTRACAD;300
RS;PORTO ALEGRE;EXTRACAD;300
RS;PORTO ALEGRE;EXTRACAD;300
RS;PORTO ALEGRE;EXTRACAD;600
RS;PORTO ALEGRE;BOLSA FAMILIA;798
RS;PORTO ALEGRE;BOLSA FAMILIA;900
RS;PORTO ALEGRE;EXTRACAD;300
RS;PORTO ALEGRE;EXTRACAD;300
RS;PORTO ALEGRE;EXTRACAD;300
RS;PORTO ALEGRE;EXTRACAD;300
RS;PORTO ALEGRE;EXTRACAD;600
RS;PORTO ALEGRE;EXTRACAD;600
RS;PORTO ALEGRE;EXTRACAD;600
RS;PORTO ALEGRE;EXTRACAD;600
RS;PORTO ALEGRE;EXTRACAD;600
RS;PORTO ALEGRE;BOLSA FAMILIA;900
RS;PORTO ALEGRE;EXTRACAD;600
RS;PORTO ALEGRE;EXTRACAD;600
RS;PORTO ALEGRE;EXTRACAD;600
RS;PORTO ALEGRE;EXTRACAD;600
RS;PORTO ALEGRE;BOLSA FAMILIA;798
RS;PORTO ALEGRE;BOLSA FAMILIA;2170
RS;PORTO ALEGRE;EXTRACAD;600
RS;PORTO ALEGRE;EXTRACAD;600
RS;PORTO ALEGRE;BOLSA FAMILIA;1611
RS;PORTO ALEGRE;EXTRACAD;300
RS;PORTO ALEGRE;EXTRACAD;300
RS;PORTO ALEGRE;EXTRACAD;300
RS;PORTO ALEGRE;BOLSA FAMILIA;798
RS;PORTO ALEGRE;EXTRACAD;600
RS;PORTO ALEGRE;EXTRACAD;600
RS;PORTO ALEGRE;EXTRACAD;300
RS;PORTO ALEGRE;EXTRACAD;300
RS;PORTO ALEGRE;EXTRACAD;600
RS;PORTO ALEGRE;EXTRACAD;600
RS;PORTO ALEGRE;EXTRACAD;600
RS;PORTO ALEGRE;EXTRACAD;300
RS;PORTO ALEGRE;EXTRACAD;600
RS;PORTO ALEGRE;EXTRACAD;600
RS;PORTO ALEGRE;EXTRACAD;300
RS;PORTO ALEGRE;EXTRACAD;300
RS;PORTO ALEGRE;EXTRACAD;300
RS;PORTO ALEGRE;EXTRACAD;300
RS;PORTO ALEGRE;EXTRACAD;300
RS;PORTO ALEGRE;BOLSA FAMILIA;798
RS;PORTO ALEGRE;EXTRACAD;1200
RS;PORTO ALEGRE;EXTRACAD;1200
RS;PORTO ALEGRE;EXTRACAD;1200
RS;PORTO ALEGRE;BOLSA FAMILIA;1098
RS;PORTO ALEGRE;BOLSA FAMILIA;1599
RS;RIO GRANDE;EXTRACAD;300
RS;RIO GRANDE;EXTRACAD;300
RS;RIO GRANDE;BOLSA FAMILIA;1200
RS;RIO GRANDE;BOLSA FAMILIA;600
RS;RIO GRANDE;BOLSA FAMILIA;653
RS;RIO PARDO;BOLSA FAMILIA;600
RS;RIO PARDO;BOLSA FAMILIA;1200
RS;SANTA CRUZ DO SUL;EXTRACAD;300
RS;SANTA CRUZ DO SUL;EXTRACAD;300
RS;SANTA CRUZ DO SUL;EXTRACAD;300
RS;SANTA CRUZ DO SUL;EXTRACAD;300
RS;SANTA MARIA;EXTRACAD;300
RS;SANTA MARIA;EXTRACAD;300
RS;SANTA MARIA;EXTRACAD;300
RS;SANTA MARIA;EXTRACAD;300
RS;SANTA MARIA;EXTRACAD;300
RS;SANTA MARIA;EXTRACAD;300
RS;SANTA MARIA;EXTRACAD;300
RS;SANTA MARIA;EXTRACAD;300
RS;SANTA MARIA;BOLSA FAMILIA;999
RS;SANTA ROSA;BOLSA FAMILIA;3000
RS;SANTO ANGELO;BOLSA FAMILIA;1200
RS;SANTO ANGELO;BOLSA FAMILIA;2400
RS;SANTO ANGELO;EXTRACAD;300
RS;SANTO ANTONIO DA PATRULHA;BOLSA FAMILIA;1200
RS;SAO BORJA;CADUNICO;600
RS;SAO GABRIEL;CADUNICO;1200
RS;SAO LEOPOLDO;BOLSA FAMILIA;600
RS;SAO LEOPOLDO;CADUNICO;600
RS;SAO LEOPOLDO;CADUNICO;600
RS;SAO LEOPOLDO;CADUNICO;600
RS;SAO LEOPOLDO;CADUNICO;600
RS;SAO LEOPOLDO;EXTRACAD;300
RS;SAO LEOPOLDO;EXTRACAD;300
RS;SAO LEOPOLDO;EXTRACAD;300
RS;SAO LEOPOLDO;EXTRACAD;300
RS;SAO LEOPOLDO;BOLSA FAMILIA;798
RS;SAO LEOPOLDO;BOLSA FAMILIA;900
RS;SAO LEOPOLDO;BOLSA FAMILIA;1200
RS;SAO PEDRO DO SUL;EXTRACAD;300
RS;SAO PEDRO DO SUL;EXTRACAD;300
RS;SAO SEBASTIAO DO CAI;BOLSA FAMILIA;1200
RS;SAO SEBASTIAO DO CAI;BOLSA FAMILIA;3000
RS;SAO SEPE;BOLSA FAMILIA;798
RS;SAPIRANGA;EXTRACAD;600
RS;SAPIRANGA;EXTRACAD;600
RS;SAPIRANGA;EXTRACAD;600
RS;SAPUCAIA DO SUL;BOLSA FAMILIA;800
RS;SAPUCAIA DO SUL;EXTRACAD;600
RS;SAPUCAIA DO SUL;EXTRACAD;300
RS;SAPUCAIA DO SUL;EXTRACAD;600
RS;SAPUCAIA DO SUL;EXTRACAD;300
RS;SAPUCAIA DO SUL;EXTRACAD;600
RS;SAPUCAIA DO SUL;EXTRACAD;600
RS;SAPUCAIA DO SUL;EXTRACAD;300
RS;SAPUCAIA DO SUL;EXTRACAD;600
RS;SAPUCAIA DO SUL;EXTRACAD;600
RS;SOLEDADE;EXTRACAD;300
RS;SOLEDADE;EXTRACAD;300
RS;SOLEDADE;EXTRACAD;300
RS;TENENTE PORTELA;CADUNICO;300
RS;TENENTE PORTELA;CADUNICO;300
RS;TENENTE PORTELA;CADUNICO;300
RS;TENENTE PORTELA;CADUNICO;600
RS;TENENTE PORTELA;CADUNICO;300
RS;TEUTONIA;BOLSA FAMILIA;300
RS;TEUTONIA;BOLSA FAMILIA;600
RS;TRAMANDAI;BOLSA FAMILIA;2270
RS;TRAMANDAI;BOLSA FAMILIA;1598
RS;TRIUNFO;BOLSA FAMILIA;600
RS;VACARIA;BOLSA FAMILIA;3000
RS;VIAMAO;BOLSA FAMILIA;1100
RS;VIAMAO;BOLSA FAMILIA;1200
RS;VIAMAO;EXTRACAD;300
RS;VIAMAO;EXTRACAD;300
RS;VIAMAO;EXTRACAD;300
RS;VIAMAO;EXTRACAD;300
RS;VIAMAO;EXTRACAD;600
SC;ARARANGUA;EXTRACAD;300
SC;ARARANGUA;EXTRACAD;300
SC;ARARANGUA;EXTRACAD;300
SC;BALNEARIO CAMBORIU;EXTRACAD;600
SC;BALNEARIO CAMBORIU;EXTRACAD;600
SC;BALNEARIO CAMBORIU;EXTRACAD;600
SC;BALNEARIO CAMBORIU;EXTRACAD;600
SC;BOMBINHAS;CADUNICO;600
SC;BOMBINHAS;CADUNICO;600
SC;BOMBINHAS;CADUNICO;600
SC;BOMBINHAS;CADUNICO;600
SC;BRUSQUE;EXTRACAD;300
SC;BRUSQUE;EXTRACAD;600
SC;BRUSQUE;EXTRACAD;600
SC;BRUSQUE;EXTRACAD;300
SC;CRICIUMA;EXTRACAD;300
SC;CRICIUMA;EXTRACAD;300
SC;CRICIUMA;CADUNICO;600
SC;CRICIUMA;CADUNICO;600
SC;CRICIUMA;CADUNICO;600
SC;CRICIUMA;CADUNICO;600
SC;CRICIUMA;EXTRACAD;300
SC;CRICIUMA;EXTRACAD;300
SC;CRICIUMA;EXTRACAD;600
SC;CRICIUMA;EXTRACAD;300
SC;CRICIUMA;EXTRACAD;600
SC;CRICIUMA;EXTRACAD;300
SC;FLORIANOPOLIS;EXTRACAD;600
SC;FLORIANOPOLIS;EXTRACAD;600
SC;FLORIANOPOLIS;EXTRACAD;600
SC;FLORIANOPOLIS;EXTRACAD;300
SC;FLORIANOPOLIS;EXTRACAD;600
SC;FLORIANOPOLIS;EXTRACAD;600
SC;FLORIANOPOLIS;EXTRACAD;600
SC;FLORIANOPOLIS;EXTRACAD;600
SC;FLORIANOPOLIS;BOLSA FAMILIA;1200
SC;FLORIANOPOLIS;EXTRACAD;600
SC;FLORIANOPOLIS;EXTRACAD;600
SC;FLORIANOPOLIS;EXTRACAD;600
SC;FLORIANOPOLIS;EXTRACAD;600
SC;FLORIANOPOLIS;CADUNICO;600
SC;FLORIANOPOLIS;CADUNICO;600
SC;FLORIANOPOLIS;CADUNICO;600
SC;FLORIANOPOLIS;CADUNICO;600
SC;FLORIANOPOLIS;CADUNICO;1200
SC;IMBITUBA;EXTRACAD;300
SC;IMBITUBA;EXTRACAD;300
SC;IMBITUBA;EXTRACAD;300
SC;IMBITUBA;EXTRACAD;300
SC;JOINVILLE;EXTRACAD;1200
SC;JOINVILLE;EXTRACAD;1200
SC;JOINVILLE;EXTRACAD;1200
SC;JOINVILLE;BOLSA FAMILIA;600
SC;JOINVILLE;BOLSA FAMILIA;604
SC;PALHOCA;EXTRACAD;600
SC;PALHOCA;EXTRACAD;600
SC;PALHOCA;EXTRACAD;600
SC;PALHOCA;EXTRACAD;300
SC;PALHOCA;EXTRACAD;600
SC;PALHOCA;EXTRACAD;600
SC;PALHOCA;EXTRACAD;300
SC;RIO DO SUL;CADUNICO;600
SC;RIO DO SUL;CADUNICO;600
SC;RIO DO SUL;CADUNICO;600
SC;RIO DO SUL;CADUNICO;600
SC;SAO BENTO DO SUL;EXTRACAD;600
SC;SAO BENTO DO SUL;EXTRACAD;600
SC;SAO BENTO DO SUL;EXTRACAD;600
SC;SAO BENTO DO SUL;EXTRACAD;600
SC;SAO JOAO BATISTA;EXTRACAD;300
SC;SAO JOAO BATISTA;EXTRACAD;300
SC;SAO JOAO BATISTA;EXTRACAD;300
SC;SAO JOAO BATISTA;EXTRACAD;600
SC;SAO JOAO BATISTA;EXTRACAD;300
SC;SAO JOSE;BOLSA FAMILIA;1200
SC;SAO JOSE;BOLSA FAMILIA;600
SE;ARACAJU;EXTRACAD;300
SE;ARACAJU;EXTRACAD;300
SE;ARACAJU;EXTRACAD;300
SE;ARACAJU;EXTRACAD;300
SE;ARACAJU;EXTRACAD;300
SE;ARACAJU;EXTRACAD;300
SE;ARACAJU;BOLSA FAMILIA;2400
SE;ARACAJU;EXTRACAD;300
SE;ARACAJU;EXTRACAD;300
SE;ARACAJU;EXTRACAD;300
SE;ARACAJU;EXTRACAD;300
SE;ARACAJU;EXTRACAD;300
SE;ARACAJU;EXTRACAD;300
SE;ARACAJU;EXTRACAD;300
SE;ARACAJU;EXTRACAD;300
SE;ARACAJU;EXTRACAD;300
SE;ARACAJU;EXTRACAD;300
SE;ARACAJU;EXTRACAD;300
SE;ARACAJU;BOLSA FAMILIA;2202
SE;ARACAJU;BOLSA FAMILIA;2202
SE;ARACAJU;BOLSA FAMILIA;2400
SE;ARACAJU;BOLSA FAMILIA;1200
SE;ARACAJU;BOLSA FAMILIA;2400
SE;CARMOPOLIS;BOLSA FAMILIA;600
SE;CARMOPOLIS;BOLSA FAMILIA;1200
SE;CARMOPOLIS;BOLSA FAMILIA;2400
SE;CARMOPOLIS;BOLSA FAMILIA;1200
SE;CARMOPOLIS;BOLSA FAMILIA;2400
SE;ESTANCIA;BOLSA FAMILIA;1200
SE;ESTANCIA;BOLSA FAMILIA;600
SE;NOSSA SENHORA DO SOCORRO;EXTRACAD;300
SE;NOSSA SENHORA DO SOCORRO;EXTRACAD;300
SE;NOSSA SENHORA DO SOCORRO;EXTRACAD;300
SE;NOSSA SENHORA DO SOCORRO;EXTRACAD;300
SE;NOSSA SENHORA DO SOCORRO;EXTRACAD;300
SE;NOSSA SENHORA DO SOCORRO;EXTRACAD;300
SE;NOSSA SENHORA DO SOCORRO;EXTRACAD;300
SE;NOSSA SENHORA DO SOCORRO;EXTRACAD;300
SP;ARACATUBA;EXTRACAD;300
SP;ARACATUBA;EXTRACAD;300
SP;ARACATUBA;EXTRACAD;300
SP;ARACATUBA;EXTRACAD;300
SP;ARARAS;BOLSA FAMILIA;2400
SP;BARRA BONITA;EXTRACAD;300
SP;BARRA BONITA;EXTRACAD;300
SP;BAURU;CADUNICO;1200
SP;BAURU;EXTRACAD;300
SP;BAURU;EXTRACAD;300
SP;BOTUCATU;BOLSA FAMILIA;3900
SP;BRAGANCA PAULISTA;BOLSA FAMILIA;600
SP;CAMPINAS;EXTRACAD;600
SP;CAMPINAS;EXTRACAD;600
SP;CAMPINAS;EXTRACAD;600
SP;CAMPINAS;EXTRACAD;600
SP;CAMPINAS;EXTRACAD;600
SP;CAMPINAS;EXTRACAD;300
SP;CAMPINAS;EXTRACAD;300
SP;CAMPINAS;EXTRACAD;300
SP;CAMPINAS;EXTRACAD;300
SP;CAPAO BONITO;EXTRACAD;600
SP;CAPAO BONITO;EXTRACAD;600
SP;CAPAO BONITO;EXTRACAD;600
SP;CAPAO BONITO;EXTRACAD;600
SP;CAPIVARI;EXTRACAD;300
SP;CAPIVARI;EXTRACAD;300
SP;FERNANDOPOLIS;BOLSA FAMILIA;6000
SP;FRANCA;EXTRACAD;300
SP;FRANCA;EXTRACAD;300
SP;FRANCA;EXTRACAD;300
SP;FRANCA;EXTRACAD;300
SP;FRANCA;EXTRACAD;600
SP;FRANCA;EXTRACAD;300
SP;FRANCA;EXTRACAD;300
SP;FRANCA;EXTRACAD;600
SP;FRANCA;EXTRACAD;300
SP;FRANCA;EXTRACAD;300
SP;FRANCA;BOLSA FAMILIA;1200
SP;FRANCA;EXTRACAD;300
SP;FRANCA;EXTRACAD;600
SP;FRANCA;EXTRACAD;300
SP;FRANCA;EXTRACAD;600
SP;FRANCA;EXTRACAD;300
SP;FRANCA;EXTRACAD;600
SP;FRANCA;EXTRACAD;600
SP;FRANCA;EXTRACAD;300
SP;FRANCA;EXTRACAD;600
SP;FRANCA;EXTRACAD;600
SP;FRANCISCO MORATO;BOLSA FAMILIA;1200
SP;FRANCISCO MORATO;BOLSA FAMILIA;3000
SP;GUARUJA;EXTRACAD;300
SP;GUARUJA;EXTRACAD;300
SP;GUARUJA;EXTRACAD;300
SP;GUARUJA;EXTRACAD;300
SP;GUARULHOS;BOLSA FAMILIA;600
SP;GUARULHOS;BOLSA FAMILIA;1200
SP;GUARULHOS;BOLSA FAMILIA;1200
SP;GUARULHOS;BOLSA FAMILIA;3000
SP;GUARULHOS;CADUNICO;600
SP;GUARULHOS;CADUNICO;600
SP;GUARULHOS;CADUNICO;600
SP;GUARULHOS;CADUNICO;600
SP;GUARULHOS;BOLSA FAMILIA;1200
SP;HORTOLANDIA;BOLSA FAMILIA;600
SP;IBIUNA;BOLSA FAMILIA;1200
SP;IGARAPAVA;BOLSA FAMILIA;2202
SP;IGUAPE;BOLSA FAMILIA;3000
SP;ITABERA;EXTRACAD;300
SP;ITABERA;EXTRACAD;300
SP;ITABERA;EXTRACAD;300
SP;ITABERA;EXTRACAD;300
SP;ITANHAEM;EXTRACAD;600
SP;ITAPEVA;EXTRACAD;600
SP;ITAPEVA;EXTRACAD;300
SP;ITAPEVA;EXTRACAD;300
SP;ITAPEVA;EXTRACAD;300
SP;ITAPEVA;EXTRACAD;600
SP;ITAPEVA;EXTRACAD;300
SP;ITAPEVA;EXTRACAD;600
SP;ITAPEVA;EXTRACAD;600
SP;ITAQUAQUECETUBA;CADUNICO;600
SP;JABOTICABAL;BOLSA FAMILIA;1200
SP;JABOTICABAL;BOLSA FAMILIA;2400
SP;JACAREI;BOLSA FAMILIA;2130
SP;LAVRINHAS;BOLSA FAMILIA;2400
SP;LINS;EXTRACAD;600
SP;LINS;EXTRACAD;600
SP;LINS;EXTRACAD;600
SP;LINS;EXTRACAD;600
SP;LINS;EXTRACAD;600
SP;LINS;EXTRACAD;600
SP;LINS;EXTRACAD;600
SP;LINS;EXTRACAD;300
SP;LINS;EXTRACAD;600
SP;LINS;EXTRACAD;300
SP;LINS;EXTRACAD;600
SP;LINS;EXTRACAD;300
SP;LINS;EXTRACAD;300
SP;MAUA;BOLSA FAMILIA;2202
SP;MOCOCA;BOLSA FAMILIA;3000
SP;MOGI GUACU;BOLSA FAMILIA;600
SP;MONTE ALEGRE DO SUL;EXTRACAD;600
SP;MONTE ALEGRE DO SUL;EXTRACAD;300
SP;MONTE ALEGRE DO SUL;EXTRACAD;600
SP;MONTE ALEGRE DO SUL;EXTRACAD;300
SP;MONTE ALEGRE DO SUL;EXTRACAD;300
SP;MONTE ALEGRE DO SUL;EXTRACAD;600
SP;MONTE ALEGRE DO SUL;EXTRACAD;600
SP;MONTE ALEGRE DO SUL;EXTRACAD;300
SP;MONTE ALEGRE DO SUL;EXTRACAD;600
SP;MONTE CASTELO;EXTRACAD;600
SP;MONTE CASTELO;EXTRACAD;600
SP;PERUIBE;BOLSA FAMILIA;2098
SP;PERUIBE;BOLSA FAMILIA;3000
SP;PRAIA GRANDE;EXTRACAD;300
SP;PRAIA GRANDE;EXTRACAD;300
SP;PRAIA GRANDE;CADUNICO;300
SP;PRAIA GRANDE;CADUNICO;300
SP;PRAIA GRANDE;CADUNICO;600
SP;PRAIA GRANDE;CADUNICO;600
SP;PRAIA GRANDE;CADUNICO;600
SP;PRAIA GRANDE;CADUNICO;300
SP;PRAIA GRANDE;CADUNICO;600
SP;PRAIA GRANDE;CADUNICO;600
SP;PRAIA GRANDE;CADUNICO;300
SP;PRAIA GRANDE;EXTRACAD;600
SP;PRAIA GRANDE;EXTRACAD;600
SP;PRESIDENTE PRUDENTE;EXTRACAD;600
SP;PRESIDENTE PRUDENTE;EXTRACAD;600
SP;PRESIDENTE PRUDENTE;EXTRACAD;300
SP;PRESIDENTE PRUDENTE;EXTRACAD;600
SP;PRESIDENTE PRUDENTE;EXTRACAD;300
SP;PRESIDENTE PRUDENTE;EXTRACAD;300
SP;PRESIDENTE PRUDENTE;EXTRACAD;300
SP;PRESIDENTE PRUDENTE;EXTRACAD;600
SP;PRESIDENTE PRUDENTE;CADUNICO;600
SP;PRESIDENTE PRUDENTE;CADUNICO;300
SP;PRESIDENTE PRUDENTE;CADUNICO;600
SP;PRESIDENTE PRUDENTE;CADUNICO;600
SP;PRESIDENTE PRUDENTE;CADUNICO;600
SP;PRESIDENTE PRUDENTE;CADUNICO;300
SP;PRESIDENTE PRUDENTE;CADUNICO;300
SP;PRESIDENTE PRUDENTE;EXTRACAD;600
SP;PRESIDENTE PRUDENTE;EXTRACAD;300
SP;PRESIDENTE PRUDENTE;EXTRACAD;600
SP;PRESIDENTE PRUDENTE;EXTRACAD;300
SP;PRESIDENTE PRUDENTE;EXTRACAD;600
SP;PRESIDENTE PRUDENTE;EXTRACAD;600
SP;PRESIDENTE PRUDENTE;EXTRACAD;300
SP;PRESIDENTE PRUDENTE;EXTRACAD;600
SP;PRESIDENTE PRUDENTE;EXTRACAD;300
SP;PRESIDENTE VENCESLAU;BOLSA FAMILIA;2223
SP;QUINTANA;BOLSA FAMILIA;2400
SP;REGISTRO;EXTRACAD;300
SP;RIBEIRAO PRETO;EXTRACAD;300
SP;RIBEIRAO PRETO;EXTRACAD;300
SP;SANTOS;EXTRACAD;600
SP;SANTOS;EXTRACAD;300
SP;SANTOS;EXTRACAD;300
SP;SANTOS;EXTRACAD;600
SP;SANTOS;EXTRACAD;600
SP;SANTOS;EXTRACAD;600
SP;SANTOS;EXTRACAD;600
SP;SANTOS;EXTRACAD;600
SP;SANTOS;EXTRACAD;600
SP;SAO BERNARDO DO CAMPO;EXTRACAD;600
SP;SAO BERNARDO DO CAMPO;EXTRACAD;600
SP;SAO BERNARDO DO CAMPO;EXTRACAD;600
SP;SAO BERNARDO DO CAMPO;EXTRACAD;600
SP;SAO CARLOS;BOLSA FAMILIA;3600
SP;SAO JOSE DO RIO PRETO;BOLSA FAMILIA;840
SP;SAO JOSE DOS CAMPOS;BOLSA FAMILIA;2400
SP;SAO PAULO;EXTRACAD;600
SP;SAO PAULO;EXTRACAD;600
SP;SAO PAULO;BOLSA FAMILIA;1200
SP;SAO PAULO;BOLSA FAMILIA;3000
SP;SAO PAULO;BOLSA FAMILIA;4200
SP;SAO PAULO;EXTRACAD;600
SP;SAO PAULO;EXTRACAD;600
SP;SAO PAULO;EXTRACAD;600
SP;SAO PAULO;BOLSA FAMILIA;1200
SP;SAO PAULO;BOLSA FAMILIA;2400
SP;SAO PAULO;BOLSA FAMILIA;2249
SP;SAO PAULO;BOLSA FAMILIA;1098
SP;SAO PAULO;EXTRACAD;600
SP;SAO PAULO;EXTRACAD;600
SP;SAO PAULO;BOLSA FAMILIA;1200
SP;SAO PAULO;BOLSA FAMILIA;1074
SP;SAO PAULO;EXTRACAD;600
SP;SAO PAULO;EXTRACAD;600
SP;SAO PAULO;EXTRACAD;600
SP;SAO PAULO;EXTRACAD;600
SP;SAO PAULO;EXTRACAD;300
SP;SAO PAULO;EXTRACAD;600
SP;SAO PAULO;EXTRACAD;600
SP;SAO PAULO;EXTRACAD;300
SP;SAO PAULO;EXTRACAD;600
SP;SAO PAULO;EXTRACAD;600
SP;SAO PAULO;EXTRACAD;600
SP;SAO PAULO;EXTRACAD;300
SP;SAO VICENTE;EXTRACAD;600
SP;SOROCABA;BOLSA FAMILIA;1200
SP;SUMARE;EXTRACAD;300
SP;SUMARE;EXTRACAD;300
SP;SUMARE;EXTRACAD;300
SP;SUZANO;EXTRACAD;300
SP;SUZANO;EXTRACAD;1200
SP;SUZANO;EXTRACAD;600
SP;SUZANO;EXTRACAD;1200
SP;SUZANO;EXTRACAD;600
SP;SUZANO;EXTRACAD;1200
SP;SUZANO;EXTRACAD;600
SP;SUZANO;EXTRACAD;1200
SP;SUZANO;EXTRACAD;1200
SP;SUZANO;EXTRACAD;600
TO;ARAGUAINA;EXTRACAD;300
TO;ARAGUAINA;EXTRACAD;300
TO;ARAGUAINA;EXTRACAD;300
TO;ARAGUAINA;EXTRACAD;300
TO;ARAGUAINA;BOLSA FAMILIA;3000
TO;PIRAQUE;BOLSA FAMILIA;4200
TO;PUGMIL;EXTRACAD;300
TO;PUGMIL;EXTRACAD;300
TO;PUGMIL;EXTRACAD;300
TO;PUGMIL;EXTRACAD;300
