REGIAO,UF,DESTINATARIO,LOCALIDADE,ITEM,PROGRAMA DE SAÚDE,QUANTIDADE,STATUS,VALOR UNITARIO
NORTE,TOCANTINS,SES,TOCANTINS,,INFLUENZA,2000,ENTREGA REALIZADA,3
NORTE,TOCANTINS,SES,TOCANTINS,,INFLUENZA,2000,ENTREGA REALIZADA,2
NORTE,TOCANTINS,SES,TOCANTINS,FOSFATO DE OSELTAMIVIR 75MG,INFLUENZA,3000,ENTREGA REALIZADA,4
NORTE,ACRE,SES,ACRE,FOSFATO DE OSELTAMIVIR 30MG,INFLUENZA,8200,ENTREGA REALIZADA,2
NORDESTE,ALAGOAS,SES,ALAGOAS,FO,INFLUENZA,1500,ENTREGA REALIZADA,2
NORTE,AMAPÁ,SES,AMAPÁ,,INFLUENZA,500,ENTREGA REALIZADA,3
NORTE,AMAPÁ,SES,AMAPÁ,,INFLUENZA,350,ENTREGA REALIZADA,2
CENTRO-OESTE,DISTRITO FEDERAL ,SES,DISTRITO FEDERAL ,FOSFATO DE OSELTAMIVIR 75MG,INFLUENZA,3020,ENTREGA REALIZADA,2
SUDESTE,ESPÍRITO SANTO,SES,ESPÍRITO SANTO ,FOSFATO DE OSELTAMIVIR 75MG,INFLUENZA,3500,ENTREGA REALIZADA,4
SUDESTE,ESPÍRITO SANTO,SES,ESPÍRITO SANTO ,,INFLUENZA,3500,ENTREGA REALIZADA,3
SUDESTE,ESPÍRITO SANTO,SES,ESPÍRITO SANTO ,,INFLUENZA,2900,ENTREGA REALIZADA,2
CENTRO-OESTE,GOIÁS,SES,GOIÁS,FOSFATO DE OSELTAMIVIR 75MG,INFLUENZA,5000,ENTREGA REALIZADA,3
NORDESTE,MARANHÃO ,SES,MARANHÃO ,,INFLUENZA,1070,ENTREGA REALIZADA,2
CENTRO-OESTE,MATO GROSSO ,SES,MATO GROSSO ,,INFLUENZA,18500,ENTREGA REALIZADA,4
CENTRO-OESTE,MATO GROSSO ,SES,MATO GROSSO ,,INFLUENZA,11000,ENTREGA REALIZADA,3
CENTRO-OESTE,MATO GROSSO ,SES,MATO GROSSO ,F,INFLUENZA,1300,ENTREGA REALIZADA,2
NORTE,PARÁ,SES,PARÁ ,FOSFATO DE OSELTAMIVIR 75MG,INFLUENZA,2500,ENTREGA REALIZADA,3
NORDESTE,PIAUÍ,SES,PIAUÍ,FOSFATO DE OSELTAMIVIR 75MG,INFLUENZA,500,ENTREGA REALIZADA,4
NORDESTE,PIAUÍ,SES,PIAUÍ,,INFLUENZA,7500,ENTREGA REALIZADA,3
NORDESTE,PIAUÍ,SES,PIAUÍ,,INFLUENZA,690,ENTREGA REALIZADA,2
NORTE,RONDÔNIA,SES,RONDÔNIA,,INFLUENZA,3500,ENTREGA REALIZADA,4
NORTE,RONDÔNIA,SES,RONDÔNIA,,INFLUENZA,1500,ENTREGA REALIZADA,3
NORDESTE,SERGIPE,SES,SERGIPE ,,INFLUENZA,4000,ENTREGA REALIZADA,4
NORDESTE,SERGIPE,SES,SERGIPE ,FOSFATO DE OSELTAMIVIR 75MG,INFLUENZA,2000,ENTREGA REALIZADA,3
NORDESTE,SERGIPE,SES,SERGIPE ,,INFLUENZA,2170,ENTREGA REALIZADA,2
NORTE,ACRE,SES,ACRE,FOSFATO DE OSELTAMIVIR 45MG,INFLUENZA,8000,ENTREGA REALIZADA,3
SUDESTE,MINAS GERAIS ,SES,MINAS GERAIS ,,INFLUENZA,17500,ENTREGA REALIZADA,4
SUDESTE,MINAS GERAIS ,SES,MINAS GERAIS ,FOSFATO DE OSELTAMIVIR 75MG,INFLUENZA,41000,ENTREGA REALIZADA,3
SUDESTE,MINAS GERAIS ,SES,MINAS GERAIS ,,INFLUENZA,46310,ENTREGA REALIZADA,2
NORTE,AMAZONAS,SES,AMAZONAS ,,INFLUENZA,5000,ENTREGA REALIZADA,3
CENTRO-OESTE,DISTRITO FEDERAL ,SES,DISTRITO FEDERAL ,,INFLUENZA,5500,ENTREGA REALIZADA,4
CENTRO-OESTE,DISTRITO FEDERAL ,SES,DISTRITO FEDERAL ,,INFLUENZA,5000,ENTREGA REALIZADA,3
CENTRO-OESTE,GOIÁS,SES,GOIÁS,,INFLUENZA,8000,ENTREGA REALIZADA,4
CENTRO-OESTE,GOIÁS,SES,GOIÁS,FOSFATO DE OSELTAMIVIR 75MG,INFLUENZA,4060,ENTREGA REALIZADA,2
CENTRO-OESTE,MATO GROSSO DO SUL,SES,MATO GROSSO DO SUL ,,INFLUENZA,6500,ENTREGA REALIZADA,3
CENTRO-OESTE,MATO GROSSO DO SUL,SES,MATO GROSSO DO SUL ,,INFLUENZA,8400,ENTREGA REALIZADA,2
NORDESTE,RIO GRANDE DO NORTE,SES,RIO GRANDE DO NORTE ,,INFLUENZA,3500,ENTREGA REALIZADA,4
NORDESTE,RIO GRANDE DO NORTE,SES,RIO GRANDE DO NORTE ,,INFLUENZA,1000,ENTREGA REALIZADA,3
NORDESTE,RIO GRANDE DO NORTE,SES,RIO GRANDE DO NORTE ,,INFLUENZA,2230,ENTREGA REALIZADA,2
SUL,PARANÁ ,SES,PARANÁ,,INFLUENZA,184500,ENTREGA REALIZADA,4
SUL,PARANÁ ,SES,PARANÁ,,INFLUENZA,71650,ENTREGA REALIZADA,2
NORDESTE,BAHIA,SES,BAHIA ,,INFLUENZA,4500,ENTREGA REALIZADA,3
NORDESTE,BAHIA,SES,BAHIA ,,INFLUENZA,14310,ENTREGA REALIZADA,2
NORDESTE,CEARÁ,SES,CEARÁ,,INFLUENZA,3000,ENTREGA REALIZADA,4
NORDESTE,CEARÁ,SES,CEARÁ,,INFLUENZA,5000,ENTREGA REALIZADA,3
NORDESTE,CEARÁ,SES,CEARÁ,,INFLUENZA,6200,ENTREGA REALIZADA,2
NORDESTE,PERNAMBUCO,SES,PERNAMBUCO,,INFLUENZA,1000,ENTREGA REALIZADA,3
NORDESTE,PERNAMBUCO,SES,PERNAMBUCO,FOSFATO DE OSELTAMIVIR 75MG,INFLUENZA,3560,ENTREGA REALIZADA,2
SUDESTE,RIO DE JANEIRO,SES,RIO DE JANEIRO,,INFLUENZA,41500,ENTREGA REALIZADA,4
SUDESTE,RIO DE JANEIRO,SES,RIO DE JANEIRO,,INFLUENZA,16000,ENTREGA REALIZADA,3
SUDESTE,RIO DE JANEIRO,SES,RIO DE JANEIRO,,INFLUENZA,21600,ENTREGA REALIZADA,2
SUL,RIO GRANDE DO SUL ,SES,RIO GRANDE DO SUL ,,INFLUENZA,79000,ENTREGA REALIZADA,4
SUL,RIO GRANDE DO SUL ,SES,RIO GRANDE DO SUL ,,INFLUENZA,43340,ENTREGA REALIZADA,2
NORTE,RORAIMA,SES,RORAIMA,FOSFATO DE OSELTAMIVIR 75MG,INFLUENZA,2000,ENTREGA REALIZADA,4
SUDESTE,SÃO PAULO ,SES,SÃO PAULO ,FOSFATO DE OSELTAMIVIR 75MG,INFLUENZA,131500,ENTREGA REALIZADA,4
SUDESTE,SÃO PAULO ,SES,SÃO PAULO ,FOSFATO DE OSELTAMIVIR 75MG,INFLUENZA,133500,ENTREGA REALIZADA,3
SUDESTE,SÃO PAULO ,SES,SÃO PAULO ,FOSFATO DE OSELTAMIVIR 75MG,INFLUENZA,372600,ENTREGA REALIZADA,2
NORTE,AMAZONAS,SES,AMAZONAS ,FOSFATO DE OSELTAMIVIR 75MG,INFLUENZA,12000,ENTREGA REALIZADA,4
NORTE,AMAZONAS,SES,AMAZONAS ,FOSFATO DE OSELTAMIVIR 75MG,INFLUENZA,30000,ENTREGA REALIZADA,4
SUL,SANTA CATARINA,SES,SANTA CATARINA ,FOSFATO DE OSELTAMIVIR 75MG,INFLUENZA,422500,ENTREGA REALIZADA,4
SUL,SANTA CATARINA,SES,SANTA CATARINA ,FOSFATO DE OSELTAMIVIR 75MG,INFLUENZA,41500,ENTREGA REALIZADA,3
SUL,SANTA CATARINA,SES,SANTA CATARINA ,FOSFATO DE OSELTAMIVIR 75MG,INFLUENZA,49620,ENTREGA REALIZADA,2
NORTE,PARÁ,SES,PARÁ ,FOSFATO DE OSELTAMIVIR 75MG,INFLUENZA,4800,ENTREGA REALIZADA,2
CENTRO-OESTE,DISTRITO FEDERAL ,SES,DISTRITO FEDERAL ,FOSFATO DE OSELTAMIVIR 75MG,INFLUENZA,7500,ENTREGA REALIZADA,4
CENTRO-OESTE,DISTRITO FEDERAL ,SES,DISTRITO FEDERAL ,FOSFATO DE OSELTAMIVIR 75MG,INFLUENZA,3500,ENTREGA REALIZADA,3
CENTRO-OESTE,GOIÁS,SES,GOIÁS,FOSFATO DE OSELTAMIVIR 75MG,INFLUENZA,5590,ENTREGA REALIZADA,2
CENTRO-OESTE,MATO GROSSO ,SAÚDE INDÍGENA,DSEI XAVANTE ,,INFLUENZA,2000,ENTREGA REALIZADA,3
NORTE,AMAZONAS,SES,AMAZONAS ,FOSFATO DE OSELTAMIVIR 75MG,INFLUENZA,2000,ENTREGA REALIZADA,3
NORDESTE,CEARÁ,SES,CEARÁ,FOSFATO DE OSELTAMIVIR 75MG,INFLUENZA,10000,ENTREGA REALIZADA,4
NORDESTE,CEARÁ,SES,CEARÁ,FOSFATO DE OSELTAMIVIR 75MG,INFLUENZA,6000,ENTREGA REALIZADA,2
NORTE,RORAIMA,SES,RORAIMA,FOSFATO DE OSELTAMIVIR 75MG,INFLUENZA,1670,ENTREGA REALIZADA,2
NORDESTE,CEARÁ,SES,CEARÁ,FOSFATO DE OSELTAMIVIR 75MG,INFLUENZA,15000,ENTREGA REALIZADA,4
NORDESTE,CEARÁ,SES,CEARÁ,FOSFATO DE OSELTAMIVIR 75MG,INFLUENZA,3000,ENTREGA REALIZADA,2
NORTE,PARÁ,SES,PARÁ ,FOSFATO DE OSELTAMIVIR 75MG,INFLUENZA,4000,ENTREGA REALIZADA,4
NORTE,PARÁ,SES,PARÁ ,FOSFATO DE OSELTAMIVIR 75MG,INFLUENZA,4000,ENTREGA REALIZADA,3
NORTE,PARÁ,SES,PARÁ ,FOSFATO DE OSELTAMIVIR 75MG,INFLUENZA,4800,ENTREGA REALIZADA,2
SUL,SANTA CATARINA,SES,SANTA CATARINA ,FOSFATO DE OSELTAMIVIR 75MG,INFLUENZA,445500,ENTREGA REALIZADA,4
SUL,SANTA CATARINA,SES,SANTA CATARINA ,FOSFATO DE OSELTAMIVIR 75MG,INFLUENZA,23500,ENTREGA REALIZADA,3
SUL,SANTA CATARINA,SES,SANTA CATARINA ,FOSFATO DE OSELTAMIVIR 75MG,INFLUENZA,68840,ENTREGA REALIZADA,2
NORDESTE,BAHIA,SES,BAHIA ,FOSFATO DE OSELTAMIVIR 75MG,INFLUENZA,35000,ENTREGA REALIZADA,4
NORDESTE,BAHIA,SES,BAHIA ,FOSFATO DE OSELTAMIVIR 75MG,INFLUENZA,10500,ENTREGA REALIZADA,3
NORDESTE,BAHIA,SES,BAHIA ,FOSFATO DE OSELTAMIVIR 75MG,INFLUENZA,20290,ENTREGA REALIZADA,2
CENTRO-OESTE,DISTRITO FEDERAL ,SES,DISTRITO FEDERAL ,FOSFATO DE OSELTAMIVIR 75MG,INFLUENZA,4440,ENTREGA REALIZADA,2
SUDESTE,ESPÍRITO SANTO,SES,ESPÍRITO SANTO ,FOSFATO DE OSELTAMIVIR 75MG,INFLUENZA,9000,ENTREGA REALIZADA,4
SUDESTE,ESPÍRITO SANTO,SES,ESPÍRITO SANTO ,FOSFATO DE OSELTAMIVIR 75MG,INFLUENZA,2000,ENTREGA REALIZADA,3
SUDESTE,ESPÍRITO SANTO,SES,ESPÍRITO SANTO ,FOSFATO DE OSELTAMIVIR 75MG,INFLUENZA,4250,ENTREGA REALIZADA,2
CENTRO-OESTE,GOIÁS,SES,GOIÁS,FOSFATO DE OSELTAMIVIR 75MG,INFLUENZA,13000,ENTREGA REALIZADA,4
CENTRO-OESTE,GOIÁS,SES,GOIÁS,FOSFATO DE OSELTAMIVIR 75MG,INFLUENZA,3500,ENTREGA REALIZADA,3
NORDESTE,MARANHÃO ,SES,MARANHÃO ,FOSFATO DE OSELTAMIVIR 75MG,INFLUENZA,1000,ENTREGA REALIZADA,3
NORDESTE,MARANHÃO ,SES,MARANHÃO ,FOSFATO DE OSELTAMIVIR 75MG,INFLUENZA,1500,ENTREGA REALIZADA,2
CENTRO-OESTE,MATO GROSSO ,SES,MATO GROSSO ,FOSFATO DE OSELTAMIVIR 75MG,INFLUENZA,9500,ENTREGA REALIZADA,4
CENTRO-OESTE,MATO GROSSO ,SES,MATO GROSSO ,FOSFATO DE OSELTAMIVIR 75MG,INFLUENZA,9500,ENTREGA REALIZADA,3
CENTRO-OESTE,MATO GROSSO ,SES,MATO GROSSO ,FOSFATO DE OSELTAMIVIR 75MG,INFLUENZA,1890,ENTREGA REALIZADA,2
NORDESTE,PARAÍBA,SES,PARAÍBA,FOSFATO DE OSELTAMIVIR 75MG,INFLUENZA,12000,ENTREGA REALIZADA,4
NORDESTE,PARAÍBA,SES,PARAÍBA,FOSFATO DE OSELTAMIVIR 75MG,INFLUENZA,4500,ENTREGA REALIZADA,3
NORDESTE,PARAÍBA,SES,PARAÍBA,FOSFATO DE OSELTAMIVIR 75MG,INFLUENZA,3000,ENTREGA REALIZADA,2
NORDESTE,PIAUÍ,SES,PIAUÍ,FOSFATO DE OSELTAMIVIR 75MG,INFLUENZA,3000,ENTREGA REALIZADA,4
NORDESTE,PIAUÍ,SES,PIAUÍ,FOSFATO DE OSELTAMIVIR 75MG,INFLUENZA,4000,ENTREGA REALIZADA,3
NORDESTE,PIAUÍ,SES,PIAUÍ,FOSFATO DE OSELTAMIVIR 75MG,INFLUENZA,720,ENTREGA REALIZADA,2
NORDESTE,RIO GRANDE DO NORTE,SES,RIO GRANDE DO NORTE ,FOSFATO DE OSELTAMIVIR 75MG,INFLUENZA,7500,ENTREGA REALIZADA,4
NORDESTE,RIO GRANDE DO NORTE,SES,RIO GRANDE DO NORTE ,FOSFATO DE OSELTAMIVIR 75MG,INFLUENZA,500,ENTREGA REALIZADA,3
NORDESTE,RIO GRANDE DO NORTE,SES,RIO GRANDE DO NORTE ,FOSFATO DE OSELTAMIVIR 75MG,INFLUENZA,2740,ENTREGA REALIZADA,2
NORTE,RONDÔNIA,SES,RONDÔNIA,FOSFATO DE OSELTAMIVIR 75MG,INFLUENZA,4000,ENTREGA REALIZADA,4
NORTE,RONDÔNIA,SES,RONDÔNIA,FOSFATO DE OSELTAMIVIR 75MG,INFLUENZA,1500,ENTREGA REALIZADA,3
NORTE,RONDÔNIA,SES,RONDÔNIA,FOSFATO DE OSELTAMIVIR 75MG,INFLUENZA,520,ENTREGA REALIZADA,2
NORDESTE,SERGIPE,SES,SERGIPE ,FOSFATO DE OSELTAMIVIR 75MG,INFLUENZA,1500,ENTREGA REALIZADA,4
NORDESTE,SERGIPE,SES,SERGIPE ,FOSFATO DE OSELTAMIVIR 75MG,INFLUENZA,3950,ENTREGA REALIZADA,2
CENTRO-OESTE,MATO GROSSO DO SUL,SES,MATO GROSSO DO SUL ,FOSFATO DE OSELTAMIVIR 75MG,INFLUENZA,8000,ENTREGA REALIZADA,3
CENTRO-OESTE,MATO GROSSO DO SUL,SES,MATO GROSSO DO SUL ,FOSFATO DE OSELTAMIVIR 75MG,INFLUENZA,10340,ENTREGA REALIZADA,2
NORTE,ACRE,SES,ACRE,FOSFATO DE OSELTAMIVIR 75MG,INFLUENZA,5500,ENTREGA REALIZADA,4
NORTE,ACRE,SES,ACRE,FOSFATO DE OSELTAMIVIR 30MG,INFLUENZA,1810,ENTREGA REALIZADA,2
NORDESTE,CEARÁ,SES,CEARÁ,FOSFATO DE OSELTAMIVIR 75MG,INFLUENZA,28500,ENTREGA REALIZADA,4
NORDESTE,CEARÁ,SES,CEARÁ,FOSFATO DE OSELTAMIVIR 75MG,INFLUENZA,5000,ENTREGA REALIZADA,3
NORDESTE,CEARÁ,SES,CEARÁ,FOSFATO DE OSELTAMIVIR 75MG,INFLUENZA,5930,ENTREGA REALIZADA,2
SUDESTE,MINAS GERAIS ,SES,MINAS GERAIS ,FOSFATO DE OSELTAMIVIR 75MG,INFLUENZA,173000,ENTREGA REALIZADA,4
SUDESTE,MINAS GERAIS ,SES,MINAS GERAIS ,FOSFATO DE OSELTAMIVIR 75MG,INFLUENZA,95000,ENTREGA REALIZADA,3
SUDESTE,MINAS GERAIS ,SES,MINAS GERAIS ,FOSFATO DE OSELTAMIVIR 75MG,INFLUENZA,95800,ENTREGA REALIZADA,2
SUL,PARANÁ ,SES,PARANÁ,FOSFATO DE OSELTAMIVIR 75MG,INFLUENZA,,ENTREGA REALIZADA,4
SUL,PARANÁ ,SES,PARANÁ,FOSFATO DE OSELTAMIVIR 75MG,INFLUENZA,,ENTREGA REALIZADA,3
SUL,PARANÁ ,SES,PARANÁ,FOSFATO DE OSELTAMIVIR 75MG,INFLUENZA,,ENTREGA REALIZADA,2
NORDESTE,PERNAMBUCO,SES,PERNAMBUCO,FOSFATO DE OSELTAMIVIR 75MG,INFLUENZA,,ENTREGA REALIZADA,3
NORDESTE,PERNAMBUCO,SES,PERNAMBUCO,FOSFATO DE OSELTAMIVIR 75MG,INFLUENZA,,ENTREGA REALIZADA,2
NORTE,RORAIMA,SES,RORAIMA,FOSFATO DE OSELTAMIVIR 75MG,INFLUENZA,,ENTREGA REALIZADA,4
NORTE,RORAIMA,SES,RORAIMA,FOSFATO DE OSELTAMIVIR 75MG,INFLUENZA,,ENTREGA REALIZADA,2
SUDESTE,SÃO PAULO ,SES,SÃO PAULO ,FOSFATO DE OSELTAMIVIR 75MG,INFLUENZA,,ENTREGA REALIZADA,4
SUDESTE,SÃO PAULO ,SES,SÃO PAULO ,FOSFATO DE OSELTAMIVIR 75MG,INFLUENZA,,ENTREGA REALIZADA,3
SUDESTE,SÃO PAULO ,SES,SÃO PAULO ,FOSFATO DE OSELTAMIVIR 75MG,INFLUENZA,,ENTREGA REALIZADA,2
NORTE,PARÁ,SES,PARÁ ,FOSFATO DE OSELTAMIVIR 75MG,INFLUENZA,,ENTREGA REALIZADA,4
NORTE,PARÁ,SES,PARÁ ,FOSFATO DE OSELTAMIVIR 75MG,INFLUENZA,,ENTREGA REALIZADA,3
NORTE,PARÁ,SES,PARÁ ,FOSFATO DE OSELTAMIVIR 75MG,INFLUENZA,,ENTREGA REALIZADA,2
NORTE,AMAPÁ,SES,AMAPÁ,FOSFATO DE OSELTAMIVIR 30MG,INFLUENZA,,ENTREGA REALIZADA,2
NORTE,PARÁ,SAÚDE INDÍGENA,DSEI GUAMA TOCANTINS,FOSFATO DE OSELTAMIVIR 75MG,INFLUENZA,,ENTREGA REALIZADA,4
NORTE,PARÁ,SAÚDE INDÍGENA,DSEI GUAMA TOCANTINS,FOSFATO DE OSELTAMIVIR 75MG,INFLUENZA,,ENTREGA REALIZADA,3
NORTE,PARÁ,SAÚDE INDÍGENA,DSEI GUAMA TOCANTINS,FOSFATO DE OSELTAMIVIR 75MG,INFLUENZA,,ENTREGA REALIZADA,2
SUDESTE,RIO DE JANEIRO,SES,RIO DE JANEIRO,FOSFATO DE OSELTAMIVIR 75MG,INFLUENZA,,ENTREGA REALIZADA,2
SUL,RIO GRANDE DO SUL ,SES,RIO GRANDE DO SUL ,FOSFATO DE OSELTAMIVIR 75MG,INFLUENZA,,ENTREGA REALIZADA,4
SUL,RIO GRANDE DO SUL ,SES,RIO GRANDE DO SUL ,FOSFATO DE OSELTAMIVIR 75MG,INFLUENZA,,ENTREGA REALIZADA,3
SUL,RIO GRANDE DO SUL ,SES,RIO GRANDE DO SUL ,FOSFATO DE OSELTAMIVIR 75MG,INFLUENZA,,ENTREGA REALIZADA,2
SUDESTE,ESPÍRITO SANTO,SES,ESPÍRITO SANTO ,FOSFATO DE OSELTAMIVIR 75MG,INFLUENZA,,ENTREGA REALIZADA,4
SUDESTE,ESPÍRITO SANTO,SES,ESPÍRITO SANTO ,FOSFATO DE OSELTAMIVIR 75MG,INFLUENZA,,ENTREGA REALIZADA,2
CENTRO-OESTE,MATO GROSSO DO SUL,SES,MATO GROSSO DO SUL ,FOSFATO DE OSELTAMIVIR 75MG,INFLUENZA,,ENTREGA REALIZADA,2
NORTE,RONDÔNIA,SAÚDE INDÍGENA,DSEI VILHENA,FOSFATO DE OSELTAMIVIR 75MG,INFLUENZA,,ENTREGA REALIZADA,4
NORTE,RONDÔNIA,SAÚDE INDÍGENA,DSEI VILHENA,FOSFATO DE OSELTAMIVIR 75MG,INFLUENZA,,ENTREGA REALIZADA,2
NORTE,AMAZONAS,SAÚDE INDÍGENA,DSEI MANAUS,FOSFATO DE OSELTAMIVIR 75MG,INFLUENZA,,ENTREGA REALIZADA,4
NORTE,AMAZONAS,SAÚDE INDÍGENA,DSEI MANAUS,FOSFATO DE OSELTAMIVIR 30MG,INFLUENZA,,ENTREGA REALIZADA,2
NORTE,AMAZONAS,SES,AMAZONAS ,FOSFATO DE OSELTAMIVIR 75MG,INFLUENZA,,ENTREGA REALIZADA,3
NORTE,AMAZONAS,SES,AMAZONAS ,FOSFATO DE OSELTAMIVIR 75MG,INFLUENZA,,ENTREGA REALIZADA,2
SUL,PARANÁ ,SES,PARANÁ,FOSFATO DE OSELTAMIVIR 75MG,INFLUENZA,,ENTREGA REALIZADA,3
SUDESTE,RIO DE JANEIRO,SES,RIO DE JANEIRO,FOSFATO DE OSELTAMIVIR 75MG,INFLUENZA,,ENTREGA REALIZADA,2
SUL,RIO GRANDE DO SUL ,SES,RIO GRANDE DO SUL ,FOSFATO DE OSELTAMIVIR 75MG,INFLUENZA,,ENTREGA REALIZADA,3
SUL,SANTA CATARINA,SES,SANTA CATARINA ,FOSFATO DE OSELTAMIVIR 75MG,INFLUENZA,,ENTREGA REALIZADA,3
NORDESTE,CEARÁ,SES,CEARÁ,FOSFATO DE OSELTAMIVIR 75MG,INFLUENZA,,ENTREGA REALIZADA,4
NORDESTE,CEARÁ,SES,CEARÁ,FOSFATO DE OSELTAMIVIR 75MG,INFLUENZA,,ENTREGA REALIZADA,2
NORDESTE,BAHIA,SES,BAHIA ,FOSFATO DE OSELTAMIVIR 75MG,INFLUENZA,,ENTREGA REALIZADA,4
NORDESTE,BAHIA,SES,BAHIA ,FOSFATO DE OSELTAMIVIR 75MG,INFLUENZA,,ENTREGA REALIZADA,2
NORTE,RONDÔNIA,SAÚDE INDÍGENA,DSEI PORTO VELHO ,FOSFATO DE OSELTAMIVIR 75MG,INFLUENZA,,ENTREGA REALIZADA,4
NORTE,RONDÔNIA,SAÚDE INDÍGENA,DSEI PORTO VELHO ,FOSFATO DE OSELTAMIVIR 75MG,INFLUENZA,,ENTREGA REALIZADA,2
NORTE,TOCANTINS,SES,TOCANTINS,FOSFATO DE OSELTAMIVIR 75MG,INFLUENZA,,ENTREGA REALIZADA,4
NORTE,TOCANTINS,SES,TOCANTINS,FOSFATO DE OSELTAMIVIR 75MG,INFLUENZA,,ENTREGA REALIZADA,2
NORDESTE,ALAGOAS,SES,ALAGOAS,FOSFATO DE OSELTAMIVIR 75MG,INFLUENZA,,ENTREGA REALIZADA,4
NORDESTE,ALAGOAS,SES,ALAGOAS,FOSFATO DE OSELTAMIVIR 30MG,INFLUENZA,,ENTREGA REALIZADA,2
NORTE,AMAZONAS,SES,AMAZONAS ,FOSFATO DE OSELTAMIVIR 75MG,INFLUENZA,,ENTREGA REALIZADA,2
NORTE,AMAZONAS,SES,AMAZONAS ,FOSFATO DE OSELTAMIVIR 75MG,INFLUENZA,,ENTREGA REALIZADA,2
NORDESTE,BAHIA,SES,BAHIA ,FOSFATO DE OSELTAMIVIR 75MG,INFLUENZA,,ENTREGA REALIZADA,3
NORDESTE,CEARÁ,SES,CEARÁ,FOSFATO DE OSELTAMIVIR 75MG,INFLUENZA,,ENTREGA REALIZADA,3
NORDESTE,CEARÁ,SES,CEARÁ,FOSFATO DE OSELTAMIVIR 75MG,INFLUENZA,,ENTREGA REALIZADA,2
SUDESTE,ESPÍRITO SANTO,SES,ESPÍRITO SANTO ,FOSFATO DE OSELTAMIVIR 75MG,INFLUENZA,,ENTREGA REALIZADA,3
NORDESTE,MARANHÃO ,SES,MARANHÃO ,FOSFATO DE OSELTAMIVIR 75MG,INFLUENZA,,ENTREGA REALIZADA,4
NORDESTE,MARANHÃO ,SES,MARANHÃO ,FOSFATO DE OSELTAMIVIR 75MG,INFLUENZA,,ENTREGA REALIZADA,3
NORDESTE,MARANHÃO ,SES,MARANHÃO ,FOSFATO DE OSELTAMIVIR 75MG,INFLUENZA,,ENTREGA REALIZADA,2
CENTRO-OESTE,MATO GROSSO DO SUL,SAÚDE INDÍGENA,DSEI MATO GROSSO DO SUL ,FOSFATO DE OSELTAMIVIR 75MG,INFLUENZA,,ENTREGA REALIZADA,3
CENTRO-OESTE,MATO GROSSO DO SUL,SAÚDE INDÍGENA,DSEI MATO GROSSO DO SUL ,FOSFATO DE OSELTAMIVIR 75MG,INFLUENZA,,ENTREGA REALIZADA,2
SUDESTE,MINAS GERAIS ,SES,MINAS GERAIS ,FOSFATO DE OSELTAMIVIR 75MG,INFLUENZA,,ENTREGA REALIZADA,3
SUDESTE,MINAS GERAIS ,SES,MINAS GERAIS ,FOSFATO DE OSELTAMIVIR 75MG,INFLUENZA,,ENTREGA REALIZADA,2
SUL,PARANÁ ,SES,PARANÁ,FOSFATO DE OSELTAMIVIR 75MG,INFLUENZA,,ENTREGA REALIZADA,3
SUL,PARANÁ ,SES,PARANÁ,FOSFATO DE OSELTAMIVIR 75MG,INFLUENZA,,ENTREGA REALIZADA,2
NORDESTE,PIAUÍ,SES,PIAUÍ,FOSFATO DE OSELTAMIVIR 75MG,INFLUENZA,,ENTREGA REALIZADA,3
NORDESTE,ALAGOAS,SES,ALAGOAS,FOSFATO DE OSELTAMIVIR 45MG,INFLUENZA,,ENTREGA REALIZADA,3
CENTRO-OESTE,MATO GROSSO ,SES,MATO GROSSO ,FOSFATO DE OSELTAMIVIR 75MG,INFLUENZA,,ENTREGA REALIZADA,2
NORDESTE,PARAÍBA,SES,PARAÍBA,FOSFATO DE OSELTAMIVIR 75MG,INFLUENZA,,ENTREGA REALIZADA,3
NORDESTE,PARAÍBA,SES,PARAÍBA,FOSFATO DE OSELTAMIVIR 75MG,INFLUENZA,,ENTREGA REALIZADA,2
NORDESTE,RIO GRANDE DO NORTE,SES,RIO GRANDE DO NORTE ,FOSFATO DE OSELTAMIVIR 75MG,INFLUENZA,,ENTREGA REALIZADA,3
SUL,SANTA CATARINA,SES,SANTA CATARINA ,FOSFATO DE OSELTAMIVIR 75MG,INFLUENZA,,ENTREGA REALIZADA,3
SUL,SANTA CATARINA,SES,SANTA CATARINA ,FOSFATO DE OSELTAMIVIR 75MG,INFLUENZA,,ENTREGA REALIZADA,2
NORDESTE,CEARÁ,SAÚDE INDÍGENA,DSEI CEARÁ ,FOSFATO DE OSELTAMIVIR 75MG,INFLUENZA,,ENTREGA REALIZADA,3
NORDESTE,CEARÁ,SAÚDE INDÍGENA,DSEI CEARÁ ,FOSFATO DE OSELTAMIVIR 75MG,INFLUENZA,,ENTREGA REALIZADA,2
NORDESTE,PARAÍBA,SES,PARAÍBA,FOSFATO DE OSELTAMIVIR 75MG,INFLUENZA,,ENTREGA REALIZADA,4
NORDESTE,PARAÍBA,SES,PARAÍBA,FOSFATO DE OSELTAMIVIR 75MG,INFLUENZA,,ENTREGA REALIZADA,2
NORTE,RONDÔNIA,SES,RONDÔNIA,FOSFATO DE OSELTAMIVIR 75MG,INFLUENZA,,ENTREGA REALIZADA,3
NORTE,RONDÔNIA,SES,RONDÔNIA,FOSFATO DE OSELTAMIVIR 75MG,INFLUENZA,,ENTREGA REALIZADA,2
NORDESTE,PERNAMBUCO,SES,PERNAMBUCO,FOSFATO DE OSELTAMIVIR 75MG,INFLUENZA,,ENTREGA REALIZADA,4
SUDESTE,RIO DE JANEIRO,SES,RIO DE JANEIRO,FOSFATO DE OSELTAMIVIR 75MG,INFLUENZA,,ENTREGA REALIZADA,3
NORDESTE,RIO GRANDE DO NORTE,SES,RIO GRANDE DO NORTE ,FOSFATO DE OSELTAMIVIR 75MG,INFLUENZA,,ENTREGA REALIZADA,4
NORDESTE,RIO GRANDE DO NORTE,SES,RIO GRANDE DO NORTE ,FOSFATO DE OSELTAMIVIR 75MG,INFLUENZA,,ENTREGA REALIZADA,2
NORDESTE,ALAGOAS,SAÚDE INDÍGENA,DSEI ALAGOAS/ SERGIPE,FOSFATO DE OSELTAMIVIR 75MG,INFLUENZA,,ENTREGA REALIZADA,4
NORDESTE,ALAGOAS,SAÚDE INDÍGENA,DSEI ALAGOAS/ SERGIPE,FOSFATO DE OSELTAMIVIR 30MG,INFLUENZA,,ENTREGA REALIZADA,2
NORDESTE,PIAUÍ,SES,PIAUÍ,FOSFATO DE OSELTAMIVIR 75MG,INFLUENZA,,ENTREGA REALIZADA,2
NORTE,RONDÔNIA,SAÚDE INDÍGENA,DSEI PORTO VELHO ,FOSFATO DE OSELTAMIVIR 75MG,INFLUENZA,,ENTREGA REALIZADA,3
SUDESTE,SÃO PAULO ,SES,SÃO PAULO ,FOSFATO DE OSELTAMIVIR 75MG,INFLUENZA,,ENTREGA REALIZADA,3
NORDESTE,BAHIA,SAÚDE INDÍGENA,DSEI BAHIA,FOSFATO DE OSELTAMIVIR 75MG,INFLUENZA,,ENTREGA REALIZADA,2
NORTE,PARÁ,SAÚDE INDÍGENA,DSEI ALTAMIRA,FOSFATO DE OSELTAMIVIR 75MG,INFLUENZA,,ENTREGA REALIZADA,3
NORTE,PARÁ,SAÚDE INDÍGENA,DSEI ALTAMIRA,FOSFATO DE OSELTAMIVIR 75MG,INFLUENZA,,ENTREGA REALIZADA,2
NORTE,PARÁ,SES,PARÁ ,FOSFATO DE OSELTAMIVIR 75MG,INFLUENZA,,ENTREGA REALIZADA,2
CENTRO-OESTE,DISTRITO FEDERAL ,SES,DISTRITO FEDERAL ,FOSFATO DE OSELTAMIVIR 75MG,INFLUENZA,,ENTREGA REALIZADA,4
CENTRO-OESTE,DISTRITO FEDERAL ,SES,DISTRITO FEDERAL ,FOSFATO DE OSELTAMIVIR 75MG,INFLUENZA,,ENTREGA REALIZADA,2
SUDESTE,RIO DE JANEIRO,SES,RIO DE JANEIRO,FOSFATO DE OSELTAMIVIR 75MG,INFLUENZA,,ENTREGA REALIZADA,4
SUL,SANTA CATARINA,SES,SANTA CATARINA ,FOSFATO DE OSELTAMIVIR 75MG,INFLUENZA,,ENTREGA REALIZADA,4
CENTRO-OESTE,MATO GROSSO ,SAÚDE INDÍGENA,DSEI XINGU ,FOSFATO DE OSELTAMIVIR 75MG,INFLUENZA,,ENTREGA REALIZADA,2
CENTRO-OESTE,MATO GROSSO ,SAÚDE INDÍGENA,DSEI XAVANTE ,FOSFATO DE OSELTAMIVIR 75MG,INFLUENZA,,ENTREGA REALIZADA,2
NORTE,PARÁ,SES,PARÁ ,FOSFATO DE OSELTAMIVIR 75MG,INFLUENZA,,ENTREGA REALIZADA,4
NORTE,RONDÔNIA,SAÚDE INDÍGENA,DSEI VILHENA,FOSFATO DE OSELTAMIVIR 75MG,INFLUENZA,,ENTREGA REALIZADA,3
NORDESTE,CEARÁ,SES,CEARÁ,FOSFATO DE OSELTAMIVIR 75MG,INFLUENZA,,ENTREGA REALIZADA,4
NORDESTE,CEARÁ,SES,CEARÁ,FOSFATO DE OSELTAMIVIR 75MG,INFLUENZA,,ENTREGA REALIZADA,2
NORTE,ACRE,SAÚDE INDÍGENA,DSEI ALTO RIO JURUÁ ,FOSFATO DE OSELTAMIVIR 75MG,INFLUENZA,,ENTREGA REALIZADA,4
NORTE,ACRE,SAÚDE INDÍGENA,DSEI ALTO RIO JURUÁ ,FOSFATO DE OSELTAMIVIR 30MG,INFLUENZA,,ENTREGA REALIZADA,2
NORDESTE,BAHIA,SAÚDE INDÍGENA,DSEI BAHIA,FOSFATO DE OSELTAMIVIR 75MG,INFLUENZA,,ENTREGA REALIZADA,4
CENTRO-OESTE,GOIÁS,SES,GOIÁS,FOSFATO DE OSELTAMIVIR 75MG,INFLUENZA,,ENTREGA REALIZADA,4
CENTRO-OESTE,GOIÁS,SES,GOIÁS,FOSFATO DE OSELTAMIVIR 75MG,INFLUENZA,,ENTREGA REALIZADA,2
CENTRO-OESTE,MATO GROSSO DO SUL,SES,MATO GROSSO DO SUL ,FOSFATO DE OSELTAMIVIR 75MG,INFLUENZA,,ENTREGA REALIZADA,4
CENTRO-OESTE,MATO GROSSO DO SUL,SAÚDE INDÍGENA,DSEI MATO GROSSO DO SUL ,FOSFATO DE OSELTAMIVIR 75MG,INFLUENZA,,ENTREGA REALIZADA,4
SUL,PARANÁ ,SES,PARANÁ,FOSFATO DE OSELTAMIVIR 75MG,INFLUENZA,,ENTREGA REALIZADA,4
NORDESTE,PERNAMBUCO,SES,PERNAMBUCO,FOSFATO DE OSELTAMIVIR 75MG,INFLUENZA,,ENTREGA REALIZADA,4
NORDESTE,PERNAMBUCO,SES,PERNAMBUCO,FOSFATO DE OSELTAMIVIR 75MG,INFLUENZA,,ENTREGA REALIZADA,2
NORDESTE,PIAUÍ,SES,PIAUÍ,FOSFATO DE OSELTAMIVIR 75MG,INFLUENZA,,ENTREGA REALIZADA,4
SUL,RIO GRANDE DO SUL ,SES,RIO GRANDE DO SUL ,FOSFATO DE OSELTAMIVIR 75MG,INFLUENZA,,ENTREGA REALIZADA,4
NORTE,RORAIMA,SES,RORAIMA,FOSFATO DE OSELTAMIVIR 75MG,INFLUENZA,,ENTREGA REALIZADA,4
NORTE,RORAIMA,SES,RORAIMA,FOSFATO DE OSELTAMIVIR 75MG,INFLUENZA,,ENTREGA REALIZADA,2
NORTE,AMAZONAS,SES,AMAZONAS ,FOSFATO DE OSELTAMIVIR 75MG,INFLUENZA,,ENTREGA REALIZADA,4
NORTE,RONDÔNIA,SES,RONDÔNIA,FOSFATO DE OSELTAMIVIR 75MG,INFLUENZA,,ENTREGA REALIZADA,4
SUDESTE,SÃO PAULO ,SES,SÃO PAULO ,FOSFATO DE OSELTAMIVIR 75MG,INFLUENZA,,ENTREGA REALIZADA,4
CENTRO-OESTE,MATO GROSSO ,SAÚDE INDÍGENA,DSEI XAVANTE ,FOSFATO DE OSELTAMIVIR 75MG,INFLUENZA,,ENTREGA REALIZADA,4
SUDESTE,MINAS GERAIS ,SES,MINAS GERAIS ,FOSFATO DE OSELTAMIVIR 75MG,INFLUENZA,,ENTREGA REALIZADA,4
NORTE,AMAZONAS,SMS,MANAUS,FOSFATO DE OSELTAMIVIR 75MG,INFLUENZA,,ENTREGA REALIZADA,4
CENTRO-OESTE,MATO GROSSO ,SES,MATO GROSSO ,FOSFATO DE OSELTAMIVIR 75MG,INFLUENZA,,ENTREGA REALIZADA,4
NORTE,PARÁ,SAÚDE INDÍGENA,DSEI ALTAMIRA,FOSFATO DE OSELTAMIVIR 75MG,INFLUENZA,,ENTREGA REALIZADA,4
SUDESTE,RIO DE JANEIRO,SES,RIO DE JANEIRO,FOSFATO DE OSELTAMIVIR 75MG,INFLUENZA,,ENTREGA REALIZADA,4
NORTE,AMAPÁ,SES,AMAPÁ,FOSFATO DE OSELTAMIVIR 75MG,INFLUENZA,,ENTREGA REALIZADA,4
NORDESTE,CEARÁ,SAÚDE INDÍGENA,DSEI CEARÁ ,FOSFATO DE OSELTAMIVIR 75MG,INFLUENZA,,ENTREGA REALIZADA,4
NORDESTE,CEARÁ,SES,CEARÁ,FOSFATO DE OSELTAMIVIR 75MG,INFLUENZA,,ENTREGA REALIZADA,2
SUL,SANTA CATARINA,SAÚDE INDÍGENA,DSEI INTERIOR SUL - SAO JOSE,FOSFATO DE OSELTAMIVIR 75MG,INFLUENZA,,ENTREGA REALIZADA,4
SUL,SANTA CATARINA,SAÚDE INDÍGENA,DSEI INTERIOR SUL - SAO JOSE,FOSFATO DE OSELTAMIVIR 75MG,INFLUENZA,,ENTREGA REALIZADA,2
NORTE,ACRE,SES,ACRE,FOSFATO DE OSELTAMIVIR 75MG,INFLUENZA,,ENTREGA REALIZADA,4
NORTE,ACRE,SES,ACRE,FOSFATO DE OSELTAMIVIR 30MG,INFLUENZA,,ENTREGA REALIZADA,2
NORDESTE,ALAGOAS,SES,ALAGOAS,FOSFATO DE OSELTAMIVIR 75MG,INFLUENZA,,ENTREGA REALIZADA,4
NORTE,AMAZONAS,SAÚDE INDÍGENA,DSEI MANAUS,FOSFATO DE OSELTAMIVIR 75MG,INFLUENZA,,ENTREGA REALIZADA,4
NORTE,AMAZONAS,SAÚDE INDÍGENA,DSEI MANAUS,FOSFATO DE OSELTAMIVIR 30MG,INFLUENZA,,ENTREGA REALIZADA,2
SUDESTE,ESPÍRITO SANTO,SES,ESPÍRITO SANTO ,FOSFATO DE OSELTAMIVIR 75MG,INFLUENZA,,ENTREGA REALIZADA,4
SUDESTE,ESPÍRITO SANTO,SES,VITÓRIA,FOSFATO DE OSELTAMIVIR 75MG,INFLUENZA,,ENTREGA REALIZADA,2
SUDESTE,MINAS GERAIS ,SAÚDE INDÍGENA,DSEI MG/ES,FOSFATO DE OSELTAMIVIR 75MG,INFLUENZA,,ENTREGA REALIZADA,4
SUDESTE,MINAS GERAIS ,SAÚDE INDÍGENA,DSEI MG/ES,FOSFATO DE OSELTAMIVIR 75MG,INFLUENZA,,ENTREGA REALIZADA,2
NORDESTE,PARAÍBA,SES,PARAÍBA,FOSFATO DE OSELTAMIVIR 75MG,INFLUENZA,,ENTREGA REALIZADA,4
NORDESTE,SERGIPE,SES,SERGIPE ,FOSFATO DE OSELTAMIVIR 75MG,INFLUENZA,,ENTREGA REALIZADA,4
NORDESTE,SERGIPE,SES,SERGIPE ,FOSFATO DE OSELTAMIVIR 75MG,INFLUENZA,,ENTREGA REALIZADA,2
NORDESTE,MARANHÃO ,SES,MARANHÃO ,FOSFATO DE OSELTAMIVIR 75MG,INFLUENZA,,ENTREGA REALIZADA,4
NORDESTE,MARANHÃO ,SES,MARANHÃO ,FOSFATO DE OSELTAMIVIR 75MG,INFLUENZA,,ENTREGA REALIZADA,2
NORTE,PARÁ,SES,PARÁ ,FOSFATO DE OSELTAMIVIR 75MG,INFLUENZA,,ENTREGA REALIZADA,4
NORTE,PARÁ,SES,PARÁ ,FOSFATO DE OSELTAMIVIR 75MG,INFLUENZA,,ENTREGA REALIZADA,2
NORDESTE,BAHIA,SES,BAHIA ,FOSFATO DE OSELTAMIVIR 75MG,INFLUENZA,,ENTREGA REALIZADA,4
NORDESTE,BAHIA,SES,BAHIA ,FOSFATO DE OSELTAMIVIR 75MG,INFLUENZA,,ENTREGA REALIZADA,2
NORDESTE,CEARÁ,SES,CEARÁ,FOSFATO DE OSELTAMIVIR 75MG,INFLUENZA,,ENTREGA REALIZADA,4
CENTRO-OESTE,MATO GROSSO DO SUL,SES,MATO GROSSO DO SUL ,FOSFATO DE OSELTAMIVIR 75MG,INFLUENZA,,ENTREGA REALIZADA,2
SUDESTE,RIO DE JANEIRO,SES,RIO DE JANEIRO,FOSFATO DE OSELTAMIVIR 75MG,INFLUENZA,,ENTREGA REALIZADA,2
NORDESTE,RIO GRANDE DO NORTE,SES,RIO GRANDE DO NORTE ,FOSFATO DE OSELTAMIVIR 75MG,INFLUENZA,,ENTREGA REALIZADA,4
NORDESTE,PIAUÍ,SES,PIAUÍ,FOSFATO DE OSELTAMIVIR 75MG,INFLUENZA,,ENTREGA REALIZADA,4
NORDESTE,PIAUÍ,SES,PIAUÍ,FOSFATO DE OSELTAMIVIR 75MG,INFLUENZA,,ENTREGA REALIZADA,2
NORTE,RORAIMA,SAÚDE INDÍGENA,DSEI YANOMAMI ,FOSFATO DE OSELTAMIVIR 75MG,INFLUENZA,,ENTREGA REALIZADA,4
NORTE,RORAIMA,SAÚDE INDÍGENA,DSEI YANOMAMI ,FOSFATO DE OSELTAMIVIR 75MG,INFLUENZA,,ENTREGA REALIZADA,2
SUDESTE,MINAS GERAIS ,SES,MINAS GERAIS ,FOSFATO DE OSELTAMIVIR 75MG,INFLUENZA,,ENTREGA REALIZADA,2
NORTE,ACRE,SAÚDE INDÍGENA,DSEI ALTO RIO JURUÁ ,FOSFATO DE OSELTAMIVIR 45MG,INFLUENZA,,ENTREGA REALIZADA,3
SUL,RIO GRANDE DO SUL ,SES,RIO GRANDE DO SUL ,FOSFATO DE OSELTAMIVIR 75MG,INFLUENZA,,ENTREGA REALIZADA,2
NORDESTE,MARANHÃO ,SMS,SÃO LUÍS,FOSFATO DE OSELTAMIVIR 75MG,INFLUENZA,,ENTREGA REALIZADA,"5,33"
CENTRO-OESTE,DISTRITO FEDERAL ,SES,DISTRITO FEDERAL ,FOSFATO DE OSELTAMIVIR 75MG,INFLUENZA,,ENTREGA REALIZADA,4
CENTRO-OESTE,MATO GROSSO ,SMS,CUIABÁ,FOSFATO DE OSELTAMIVIR 75MG,INFLUENZA,,ENTREGA REALIZADA,"5,33"
SUDESTE,MINAS GERAIS ,SMS,BELO HORIZONTE,FOSFATO DE OSELTAMIVIR 75MG,INFLUENZA,,ENTREGA REALIZADA,"5,33"
SUDESTE,MINAS GERAIS ,SES,MINAS GERAIS ,FOSFATO DE OSELTAMIVIR 75MG,INFLUENZA,,ENTREGA REALIZADA,4
SUDESTE,SÃO PAULO ,SMS,SÃO PAULO ,FOSFATO DE OSELTAMIVIR 75MG,INFLUENZA,,ENTREGA REALIZADA,"5,33"
SUDESTE,SÃO PAULO ,SMS,SÃO PAULO ,FOSFATO DE OSELTAMIVIR 75MG,INFLUENZA,,ENTREGA REALIZADA,2
SUDESTE,SÃO PAULO ,SES,SÃO PAULO ,FOSFATO DE OSELTAMIVIR 75MG,INFLUENZA,,ENTREGA REALIZADA,2
SUDESTE,SÃO PAULO ,SES,SÃO PAULO ,FOSFATO DE OSELTAMIVIR 75MG,INFLUENZA,,ENTREGA REALIZADA,4
NORDESTE,ALAGOAS,SAÚDE INDÍGENA,DSEI ALAGOAS/ SERGIPE,FOSFATO DE OSELTAMIVIR 75MG,INFLUENZA,,ENTREGA REALIZADA,4
NORTE,AMAZONAS,SAÚDE INDÍGENA,DSEI MANAUS,FOSFATO DE OSELTAMIVIR 75MG,INFLUENZA,,ENTREGA REALIZADA,4
NORTE,AMAZONAS,SAÚDE INDÍGENA,DSEI MANAUS,FOSFATO DE OSELTAMIVIR 30MG,INFLUENZA,,ENTREGA REALIZADA,2
NORTE,AMAZONAS,SMS,MANAUS,FOSFATO DE OSELTAMIVIR 75MG,INFLUENZA,,ENTREGA REALIZADA,"5,33"
NORDESTE,BAHIA,SES,BAHIA ,FOSFATO DE OSELTAMIVIR 75MG,INFLUENZA,,ENTREGA REALIZADA,4
NORDESTE,CEARÁ,SAÚDE INDÍGENA,DSEI CEARÁ ,FOSFATO DE OSELTAMIVIR 75MG,INFLUENZA,,ENTREGA REALIZADA,4
NORDESTE,CEARÁ,SAÚDE INDÍGENA,DSEI CEARÁ ,FOSFATO DE OSELTAMIVIR 75MG,INFLUENZA,,ENTREGA REALIZADA,2
NORDESTE,CEARÁ,SMS,FORTALEZA,FOSFATO DE OSELTAMIVIR 75MG,INFLUENZA,,ENTREGA REALIZADA,"5,33"
NORDESTE,CEARÁ,SES,CEARÁ,FOSFATO DE OSELTAMIVIR 75MG,INFLUENZA,,ENTREGA REALIZADA,4
NORDESTE,CEARÁ,SMS,FORTALEZA,FOSFATO DE OSELTAMIVIR 75MG,INFLUENZA,,ENTREGA REALIZADA,2
NORDESTE,CEARÁ,SES,CEARÁ,FOSFATO DE OSELTAMIVIR 75MG,INFLUENZA,,ENTREGA REALIZADA,2
SUDESTE,ESPÍRITO SANTO,SES,ESPÍRITO SANTO ,FOSFATO DE OSELTAMIVIR 75MG,INFLUENZA,,ENTREGA REALIZADA,4
CENTRO-OESTE,GOIÁS,SMS,GOIÂNIA ,FOSFATO DE OSELTAMIVIR 75MG,INFLUENZA,,ENTREGA REALIZADA,"5,33"
CENTRO-OESTE,GOIÁS,SES,GOIÁS,FOSFATO DE OSELTAMIVIR 75MG,INFLUENZA,,ENTREGA REALIZADA,4
CENTRO-OESTE,GOIÁS,SMS,GOIÂNIA ,FOSFATO DE OSELTAMIVIR 75MG,INFLUENZA,,ENTREGA REALIZADA,2
CENTRO-OESTE,GOIÁS,SES,GOIÁS,FOSFATO DE OSELTAMIVIR 75MG,INFLUENZA,,ENTREGA REALIZADA,2
CENTRO-OESTE,MATO GROSSO ,SES,MATO GROSSO ,FOSFATO DE OSELTAMIVIR 75MG,INFLUENZA,,ENTREGA REALIZADA,4
NORTE,PARÁ,SAÚDE INDÍGENA,DSEI GUAMA TOCANTINS,FOSFATO DE OSELTAMIVIR 75MG,INFLUENZA,,ENTREGA REALIZADA,4
NORTE,PARÁ,SAÚDE INDÍGENA,DSEI GUAMA TOCANTINS,FOSFATO DE OSELTAMIVIR 75MG,INFLUENZA,,ENTREGA REALIZADA,2
NORTE,PARÁ,SES,PARÁ ,FOSFATO DE OSELTAMIVIR 75MG,INFLUENZA,,ENTREGA REALIZADA,4
NORTE,PARÁ,SES,PARÁ ,FOSFATO DE OSELTAMIVIR 75MG,INFLUENZA,,ENTREGA REALIZADA,2
SUL,PARANÁ ,SMS,CURITIBA,FOSFATO DE OSELTAMIVIR 75MG,INFLUENZA,,ENTREGA REALIZADA,"5,33"
NORDESTE,PERNAMBUCO,SMS,RECIFE,FOSFATO DE OSELTAMIVIR 75MG,INFLUENZA,,ENTREGA REALIZADA,"5,33"
NORDESTE,PERNAMBUCO,SES,PERNAMBUCO,FOSFATO DE OSELTAMIVIR 75MG,INFLUENZA,,ENTREGA REALIZADA,4
NORDESTE,PERNAMBUCO,SMS,RECIFE,FOSFATO DE OSELTAMIVIR 75MG,INFLUENZA,,ENTREGA REALIZADA,2
NORDESTE,PERNAMBUCO,SES,PERNAMBUCO,FOSFATO DE OSELTAMIVIR 75MG,INFLUENZA,,ENTREGA REALIZADA,2
SUDESTE,RIO DE JANEIRO,SES,RIO DE JANEIRO,FOSFATO DE OSELTAMIVIR 75MG,INFLUENZA,,ENTREGA REALIZADA,4
SUDESTE,RIO DE JANEIRO,SMS,RIO DE JANEIRO,FOSFATO DE OSELTAMIVIR 75MG,INFLUENZA,,ENTREGA REALIZADA,"5,33"
NORTE,RORAIMA,SES,RORAIMA,FOSFATO DE OSELTAMIVIR 75MG,INFLUENZA,,ENTREGA REALIZADA,2
SUL,SANTA CATARINA,SES,SANTA CATARINA ,FOSFATO DE OSELTAMIVIR 75MG,INFLUENZA,,ENTREGA REALIZADA,4
NORTE,AMAPÁ,SAÚDE INDÍGENA,DSEI AMAPÁ E NORTE DO PARÁ,FOSFATO DE OSELTAMIVIR 75MG,INFLUENZA,,ENTREGA REALIZADA,4
NORTE,AMAPÁ,SAÚDE INDÍGENA,DSEI AMAPÁ E NORTE DO PARÁ,FOSFATO DE OSELTAMIVIR 30MG,INFLUENZA,,ENTREGA REALIZADA,2
SUDESTE,ESPÍRITO SANTO,SMS,VITÓRIA,FOSFATO DE OSELTAMIVIR 75MG,INFLUENZA,,ENTREGA REALIZADA,"5,33"
CENTRO-OESTE,MATO GROSSO ,SAÚDE INDÍGENA,DSEI XAVANTE ,FOSFATO DE OSELTAMIVIR 75MG,INFLUENZA,,ENTREGA REALIZADA,4
CENTRO-OESTE,MATO GROSSO DO SUL,SMS,CAMPO GRANDE,FOSFATO DE OSELTAMIVIR 75MG,INFLUENZA,,ENTREGA REALIZADA,"5,33"
CENTRO-OESTE,MATO GROSSO DO SUL,SES,MATO GROSSO DO SUL ,FOSFATO DE OSELTAMIVIR 75MG,INFLUENZA,,ENTREGA REALIZADA,4
NORTE,PARÁ,SAÚDE INDÍGENA,DSEI ALTAMIRA ,FOSFATO DE OSELTAMIVIR 75MG,INFLUENZA,,ENTREGA REALIZADA,4
SUL,PARANÁ ,SES,PARANÁ,FOSFATO DE OSELTAMIVIR 75MG,INFLUENZA,,ENTREGA REALIZADA,4
SUL,PARANÁ ,SAÚDE INDÍGENA,DSEI LITORAL SUL ,FOSFATO DE OSELTAMIVIR 75MG,INFLUENZA,,ENTREGA REALIZADA,4
SUL,SANTA CATARINA,SMS,FLORIANÓPOLIS ,FOSFATO DE OSELTAMIVIR 75MG,INFLUENZA,,ENTREGA REALIZADA,"5,33"
NORDESTE,ALAGOAS,SMS,MACEIÓ,FOSFATO DE OSELTAMIVIR 75MG,INFLUENZA,,ENTREGA REALIZADA,"5,33"
NORDESTE,ALAGOAS,SES,ALAGOAS,FOSFATO DE OSELTAMIVIR 75MG,INFLUENZA,,ENTREGA REALIZADA,4
NORDESTE,BAHIA,SAÚDE INDÍGENA,DSEI BAHIA,FOSFATO DE OSELTAMIVIR 75MG,INFLUENZA,,ENTREGA REALIZADA,4
NORDESTE,MARANHÃO ,SMS,SÃO LUÍS,FOSFATO DE OSELTAMIVIR 75MG,INFLUENZA,,ENTREGA REALIZADA,"5,33"
NORDESTE,MARANHÃO ,SES,MARANHÃO ,FOSFATO DE OSELTAMIVIR 75MG,INFLUENZA,,ENTREGA REALIZADA,2
NORDESTE,MARANHÃO ,SES,MARANHÃO ,FOSFATO DE OSELTAMIVIR 75MG,INFLUENZA,,ENTREGA REALIZADA,4
NORTE,PARÁ,SAÚDE INDÍGENA,DSEI RIO TAPAJOS,FOSFATO DE OSELTAMIVIR 75MG,INFLUENZA,,ENTREGA REALIZADA,4
NORTE,PARÁ,SAÚDE INDÍGENA,DSEI RIO TAPAJOS,FOSFATO DE OSELTAMIVIR 75MG,INFLUENZA,,ENTREGA REALIZADA,2
NORDESTE,PARAÍBA,SMS,JOÃO PESSOA,FOSFATO DE OSELTAMIVIR 75MG,INFLUENZA,,ENTREGA REALIZADA,"5,33"
NORDESTE,PARAÍBA,SES,PARAÍBA,FOSFATO DE OSELTAMIVIR 75MG,INFLUENZA,,ENTREGA REALIZADA,4
NORDESTE,PIAUÍ,SMS,TERESINA,FOSFATO DE OSELTAMIVIR 75MG,INFLUENZA,,ENTREGA REALIZADA,"5,33"
NORDESTE,PIAUÍ,SES,PIAUÍ,FOSFATO DE OSELTAMIVIR 75MG,INFLUENZA,,ENTREGA REALIZADA,4
NORTE,RORAIMA,SES,RORAIMA,FOSFATO DE OSELTAMIVIR 75MG,INFLUENZA,,ENTREGA REALIZADA,4
NORTE,RORAIMA,SMS,BOA VISTA ,FOSFATO DE OSELTAMIVIR 75MG,INFLUENZA,,ENTREGA REALIZADA,"5,33"
NORTE,RORAIMA,SMS,BOA VISTA ,FOSFATO DE OSELTAMIVIR 75MG,INFLUENZA,,ENTREGA REALIZADA,2
NORDESTE,SERGIPE,SMS,ARACAJÚ,FOSFATO DE OSELTAMIVIR 75MG,INFLUENZA,,ENTREGA REALIZADA,"5,33"
NORDESTE,SERGIPE,SES,SERGIPE ,FOSFATO DE OSELTAMIVIR 75MG,INFLUENZA,,ENTREGA REALIZADA,4
NORTE,AMAZONAS,SES,AMAZONAS ,FOSFATO DE OSELTAMIVIR 75MG,INFLUENZA,,ENTREGA REALIZADA,4
NORDESTE,MARANHÃO ,SMS,SÃO LUÍS,FOSFATO DE OSELTAMIVIR 75MG,INFLUENZA,,ENTREGA REALIZADA,2
NORDESTE,BAHIA,SMS,SALVADOR,FOSFATO DE OSELTAMIVIR 75MG,INFLUENZA,,ENTREGA REALIZADA ,"5,33"
NORTE,PARÁ,SMS,BELÉM ,FOSFATO DE OSELTAMIVIR 75MG,INFLUENZA,,ENTREGA REALIZADA,"5,33"
NORTE,PARÁ,SMS,BELÉM ,FOSFATO DE OSELTAMIVIR 75MG,INFLUENZA,,ENTREGA REALIZADA,2
NORDESTE,RIO GRANDE DO NORTE,SES,RIO GRANDE DO NORTE ,FOSFATO DE OSELTAMIVIR 75MG,INFLUENZA,,ENTREGA REALIZADA,4
NORDESTE,RIO GRANDE DO NORTE,SMS,NATAL ,FOSFATO DE OSELTAMIVIR 75MG,INFLUENZA,,ENTREGA REALIZADA,2
NORTE,RONDÔNIA,SAÚDE INDÍGENA,DSEI PORTO VELHO ,FOSFATO DE OSELTAMIVIR 75MG,INFLUENZA,,ENTREGA REALIZADA,4
NORTE,RONDÔNIA,SAÚDE INDÍGENA,DSEI PORTO VELHO ,FOSFATO DE OSELTAMIVIR 75MG,INFLUENZA,,ENTREGA REALIZADA,2
NORTE,RONDÔNIA,SES,RONDÔNIA,FOSFATO DE OSELTAMIVIR 75MG,INFLUENZA,,ENTREGA REALIZADA,4
NORTE,RONDÔNIA,SMS,PORTO VELHO ,FOSFATO DE OSELTAMIVIR 75MG,INFLUENZA,,ENTREGA REALIZADA,"5,33"
NORTE,ACRE,SES,ACRE,FOSFATO DE OSELTAMIVIR 75MG,INFLUENZA,,ENTREGA REALIZADA,4
NORTE,ACRE,SES,ACRE,FOSFATO DE OSELTAMIVIR 30MG,INFLUENZA,,ENTREGA REALIZADA,2
NORTE,ACRE,SMS,RIO BRANCO ,FOSFATO DE OSELTAMIVIR 75MG,INFLUENZA,,ENTREGA REALIZADA,"5,33"
NORTE,ACRE,SMS,RIO BRANCO ,FOSFATO DE OSELTAMIVIR 30MG,INFLUENZA,,ENTREGA REALIZADA,2
NORTE,AMAZONAS,SAÚDE INDÍGENA,DSEI MEDIO RIO SOLIMOES ,FOSFATO DE OSELTAMIVIR 75MG,INFLUENZA,,ENTREGA REALIZADA,4
NORTE,AMAZONAS,SAÚDE INDÍGENA,DSEI MEDIO RIO SOLIMOES ,FOSFATO DE OSELTAMIVIR 30MG,INFLUENZA,,ENTREGA REALIZADA,2
NORDESTE,RIO GRANDE DO NORTE,SMS,NATAL ,FOSFATO DE OSELTAMIVIR 75MG,INFLUENZA,,ENTREGA REALIZADA,"5,33"
NORTE,ACRE,SAÚDE INDÍGENA,DSEI ALTO RIO JURUÁ ,FOSFATO DE OSELTAMIVIR 75MG,INFLUENZA,,ENTREGA REALIZADA,4
NORDESTE,RIO GRANDE DO NORTE,SES,RIO GRANDE DO NORTE ,FOSFATO DE OSELTAMIVIR 75MG,INFLUENZA,,ENTREGA REALIZADA,2
NORTE,AMAPÁ,SES,AMAPÁ,FOSFATO DE OSELTAMIVIR 75MG,INFLUENZA,,ENTREGA REALIZADA,4
NORTE,AMAPÁ,SES,AMAPÁ,FOSFATO DE OSELTAMIVIR 75MG,INFLUENZA,,ENTREGA REALIZADA,4
NORTE,AMAPÁ,SMS,MACAPÁ,FOSFATO DE OSELTAMIVIR 30MG,INFLUENZA,,ENTREGA REALIZADA,2
NORTE,AMAPÁ,SES,AMAPÁ,FOSFATO DE OSELTAMIVIR 30MG,INFLUENZA,,ENTREGA REALIZADA,2
NORTE,AMAZONAS,SMS,MANAUS,FOSFATO DE OSELTAMIVIR 75MG,INFLUENZA,,ENTREGA REALIZADA,3
NORTE,AMAZONAS,SMS,MANAUS,FOSFATO DE OSELTAMIVIR 75MG,INFLUENZA,,ENTREGA REALIZADA,"5,33"
NORDESTE,BAHIA,SMS,SALVADOR ,FOSFATO DE OSELTAMIVIR 75MG,INFLUENZA,,ENTREGA REALIZADA,3
NORDESTE,BAHIA,SMS,SALVADOR ,FOSFATO DE OSELTAMIVIR 75MG,INFLUENZA,,ENTREGA REALIZADA,"5,33"
SUL,PARANÁ ,SMS,CURITIBA,FOSFATO DE OSELTAMIVIR 75MG,INFLUENZA,,ENTREGA REALIZADA,"5,33"
SUDESTE,SÃO PAULO ,SES,SÃO PAULO ,FOSFATO DE OSELTAMIVIR 75MG,INFLUENZA,,ENTREGA REALIZADA ,2
SUDESTE,SÃO PAULO ,SES,SÃO PAULO ,FOSFATO DE OSELTAMIVIR 75MG,INFLUENZA,,ENTREGA REALIZADA ,3
SUDESTE,SÃO PAULO ,SES,SÃO PAULO ,FOSFATO DE OSELTAMIVIR 75MG,INFLUENZA,,ENTREGA REALIZADA ,4
NORTE,TOCANTINS,SES,TOCANTINS,FOSFATO DE OSELTAMIVIR 75MG,INFLUENZA,,ENTREGA REALIZADA,3
NORTE,TOCANTINS,SES,TOCANTINS,FOSFATO DE OSELTAMIVIR 75MG,INFLUENZA,,ENTREGA REALIZADA ,4
CENTRO-OESTE,DISTRITO FEDERAL ,SES,DISTRITO FEDERAL ,FOSFATO DE OSELTAMIVIR 75MG,INFLUENZA,,ENTREGA REALIZADA,4
CENTRO-OESTE,GOIÁS,SES,GOIÁS,FOSFATO DE OSELTAMIVIR 75MG,INFLUENZA,,ENTREGA REALIZADA ,3
CENTRO-OESTE,GOIÁS,SES,GOIÁS,FOSFATO DE OSELTAMIVIR 75MG,INFLUENZA,,ENTREGA REALIZADA ,4
CENTRO-OESTE,MATO GROSSO DO SUL,SES,MATO GROSSO DO SUL ,FOSFATO DE OSELTAMIVIR 75MG,INFLUENZA,,ENTREGA REALIZADA ,3
CENTRO-OESTE,MATO GROSSO DO SUL,SES,MATO GROSSO DO SUL ,FOSFATO DE OSELTAMIVIR 75MG,INFLUENZA,,ENTREGA REALIZADA ,4
SUL,RIO GRANDE DO SUL ,SMS,PORTO ALEGRE,FOSFATO DE OSELTAMIVIR 75MG,INFLUENZA,,ENTREGA REALIZADA,4
NORDESTE,BAHIA,SES,BAHIA ,FOSFATO DE OSELTAMIVIR 75MG,INFLUENZA,,ENTREGA REALIZADA,3
NORDESTE,BAHIA,SES,BAHIA ,FOSFATO DE OSELTAMIVIR 75MG,INFLUENZA,,ENTREGA REALIZADA,4
CENTRO-OESTE,MATO GROSSO ,SES,MATO GROSSO ,FOSFATO DE OSELTAMIVIR 75MG,INFLUENZA,,ENTREGA REALIZADA,3
CENTRO-OESTE,MATO GROSSO ,SES,MATO GROSSO ,FOSFATO DE OSELTAMIVIR 75MG,INFLUENZA,,ENTREGA REALIZADA,4
NORTE,PARÁ,SES,PARÁ ,FOSFATO DE OSELTAMIVIR 75MG,INFLUENZA,,ENTREGA REALIZADA,3
NORTE,PARÁ,SES,PARÁ ,FOSFATO DE OSELTAMIVIR 75MG,INFLUENZA,,ENTREGA REALIZADA,4
NORDESTE,PARAÍBA,SES,PARAÍBA,FOSFATO DE OSELTAMIVIR 75MG,INFLUENZA,,ENTREGA REALIZADA,3
NORDESTE,PARAÍBA,SES,PARAÍBA,FOSFATO DE OSELTAMIVIR 75MG,INFLUENZA,,ENTREGA REALIZADA,4
SUL,PARANÁ ,SES,PARANÁ,FOSFATO DE OSELTAMIVIR 75MG,INFLUENZA,,ENTREGA REALIZADA,2
SUL,PARANÁ ,SES,PARANÁ,FOSFATO DE OSELTAMIVIR 75MG,INFLUENZA,,ENTREGA REALIZADA,3
SUL,PARANÁ ,SES,PARANÁ,FOSFATO DE OSELTAMIVIR 75MG,INFLUENZA,,ENTREGA REALIZADA,4
SUDESTE,RIO DE JANEIRO,SES,RIO DE JANEIRO,FOSFATO DE OSELTAMIVIR 75MG,INFLUENZA,,ENTREGA REALIZADA,3
SUDESTE,RIO DE JANEIRO,SES,RIO DE JANEIRO,FOSFATO DE OSELTAMIVIR 75MG,INFLUENZA,,ENTREGA REALIZADA,4
SUDESTE,RIO DE JANEIRO,SMS,RIO DE JANEIRO,FOSFATO DE OSELTAMIVIR 75MG,INFLUENZA,,ENTREGA REALIZADA,3
SUDESTE,RIO DE JANEIRO,SMS,RIO DE JANEIRO,FOSFATO DE OSELTAMIVIR 75MG,INFLUENZA,,ENTREGA REALIZADA,4
SUL,SANTA CATARINA,SES,SANTA CATARINA ,FOSFATO DE OSELTAMIVIR 75MG,INFLUENZA,,ENTREGA REALIZADA,3
SUL,SANTA CATARINA,SES,SANTA CATARINA ,FOSFATO DE OSELTAMIVIR 75MG,INFLUENZA,,ENTREGA REALIZADA,4
SUDESTE,SÃO PAULO ,SMS,SÃO PAULO ,FOSFATO DE OSELTAMIVIR 75MG,INFLUENZA,,ENTREGA REALIZADA ,3
SUDESTE,SÃO PAULO ,SMS,SÃO PAULO ,FOSFATO DE OSELTAMIVIR 75MG,INFLUENZA,,ENTREGA REALIZADA ,4
NORTE,AMAZONAS,SES,AMAZONAS ,FOSFATO DE OSELTAMIVIR 75MG,INFLUENZA,,ENTREGA REALIZADA ,4
NORDESTE,CEARÁ,SMS,FORTALEZA,FOSFATO DE OSELTAMIVIR 75MG,INFLUENZA,,ENTREGA REALIZADA,3
SUDESTE,ESPÍRITO SANTO,SMS,VITÓRIA,FOSFATO DE OSELTAMIVIR 75MG,INFLUENZA,,ENTREGA REALIZADA,3
SUDESTE,MINAS GERAIS ,SES,MINAS GERAIS ,FOSFATO DE OSELTAMIVIR 75MG,INFLUENZA,,ENTREGA REALIZADA,3
SUDESTE,MINAS GERAIS ,SES,MINAS GERAIS ,FOSFATO DE OSELTAMIVIR 75MG,INFLUENZA,,ENTREGA REALIZADA,4
NORDESTE,PARAÍBA,SMS,JOÃO PESSOA,FOSFATO DE OSELTAMIVIR 75MG,INFLUENZA,,ENTREGA REALIZADA,4
NORDESTE,RIO GRANDE DO NORTE,SES,RIO GRANDE DO NORTE ,FOSFATO DE OSELTAMIVIR 75MG,INFLUENZA,,ENTREGA REALIZADA,2
NORDESTE,RIO GRANDE DO NORTE,SES,RIO GRANDE DO NORTE ,FOSFATO DE OSELTAMIVIR 75MG,INFLUENZA,,ENTREGA REALIZADA,4
NORDESTE,SERGIPE,SES,SERGIPE ,FOSFATO DE OSELTAMIVIR 75MG,INFLUENZA,,ENTREGA REALIZADA,2
NORDESTE,SERGIPE,SES,SERGIPE ,FOSFATO DE OSELTAMIVIR 75MG,INFLUENZA,,ENTREGA REALIZADA,3
NORDESTE,SERGIPE,SES,SERGIPE ,FOSFATO DE OSELTAMIVIR 75MG,INFLUENZA,,ENTREGA REALIZADA,4
NORTE,TOCANTINS,SMS,PALMAS,FOSFATO DE OSELTAMIVIR 75MG,INFLUENZA,,ENTREGA REALIZADA ,3
NORTE,TOCANTINS,SMS,PALMAS,FOSFATO DE OSELTAMIVIR 75MG,INFLUENZA,,ENTREGA REALIZADA ,4
NORDESTE,ALAGOAS,SES,ALAGOAS,FOSFATO DE OSELTAMIVIR 45MG,INFLUENZA,,ENTREGA REALIZADA,3
NORDESTE,ALAGOAS,SES,ALAGOAS,FOSFATO DE OSELTAMIVIR 75MG,INFLUENZA,,ENTREGA REALIZADA,4
CENTRO-OESTE,MATO GROSSO ,SMS,CUIABÁ,FOSFATO DE OSELTAMIVIR 75MG,INFLUENZA,,ENTREGA REALIZADA,3
CENTRO-OESTE,MATO GROSSO ,SMS,CUIABÁ,FOSFATO DE OSELTAMIVIR 75MG,INFLUENZA,,ENTREGA REALIZADA,4
CENTRO-OESTE,MATO GROSSO ,SAÚDE INDÍGENA,DSEI CUIABA,FOSFATO DE OSELTAMIVIR 75MG,INFLUENZA,,ENTREGA REALIZADA ,2
CENTRO-OESTE,MATO GROSSO ,SAÚDE INDÍGENA,DSEI CUIABA,FOSFATO DE OSELTAMIVIR 75MG,INFLUENZA,,ENTREGA REALIZADA ,3
CENTRO-OESTE,MATO GROSSO ,SAÚDE INDÍGENA,DSEI CUIABA,FOSFATO DE OSELTAMIVIR 75MG,INFLUENZA,,ENTREGA REALIZADA ,4
CENTRO-OESTE,MATO GROSSO DO SUL,SMS,CAMPO GRANDE,FOSFATO DE OSELTAMIVIR 75MG,INFLUENZA,,ENTREGA REALIZADA,3
CENTRO-OESTE,MATO GROSSO DO SUL,SMS,CAMPO GRANDE,FOSFATO DE OSELTAMIVIR 75MG,INFLUENZA,,ENTREGA REALIZADA,4
SUDESTE,MINAS GERAIS ,SMS,BELO HORIZONTE,FOSFATO DE OSELTAMIVIR 75MG,INFLUENZA,,ENTREGA REALIZADA,3
SUDESTE,MINAS GERAIS ,SMS,BELO HORIZONTE,FOSFATO DE OSELTAMIVIR 75MG,INFLUENZA,,ENTREGA REALIZADA,4
NORDESTE,PERNAMBUCO,SMS,RECIFE,FOSFATO DE OSELTAMIVIR 75MG,INFLUENZA,,ENTREGA REALIZADA,3
NORDESTE,PERNAMBUCO,SMS,RECIFE,FOSFATO DE OSELTAMIVIR 75MG,INFLUENZA,,ENTREGA REALIZADA,4
NORTE,RORAIMA,SES,RORAIMA,FOSFATO DE OSELTAMIVIR 75MG,INFLUENZA,,ENTREGA REALIZADA,4
NORTE,ACRE,SES,ACRE,FOSFATO DE OSELTAMIVIR 75MG,INFLUENZA,,ENTREGA REALIZADA,4
CENTRO-OESTE,MATO GROSSO DO SUL,SAÚDE INDÍGENA,DSEI MATO GROSSO DO SUL ,FOSFATO DE OSELTAMIVIR 75MG,INFLUENZA,,ENTREGA REALIZADA,2
CENTRO-OESTE,MATO GROSSO DO SUL,SAÚDE INDÍGENA,DSEI MATO GROSSO DO SUL ,FOSFATO DE OSELTAMIVIR 75MG,INFLUENZA,,ENTREGA REALIZADA,3
CENTRO-OESTE,MATO GROSSO DO SUL,SAÚDE INDÍGENA,DSEI MATO GROSSO DO SUL ,FOSFATO DE OSELTAMIVIR 75MG,INFLUENZA,,ENTREGA REALIZADA,4
NORDESTE,CEARÁ,SES,CEARÁ,FOSFATO DE OSELTAMIVIR 75MG,INFLUENZA,,ENTREGA REALIZADA,4
CENTRO-OESTE,GOIÁS,SMS,GOIÂNIA ,FOSFATO DE OSELTAMIVIR 75MG,INFLUENZA,,ENTREGA REALIZADA,3
CENTRO-OESTE,GOIÁS,SMS,GOIÂNIA ,FOSFATO DE OSELTAMIVIR 75MG,INFLUENZA,,ENTREGA REALIZADA,4
NORDESTE,PERNAMBUCO,SES,PERNAMBUCO,FOSFATO DE OSELTAMIVIR 75MG,INFLUENZA,,ENTREGA REALIZADA,4
NORDESTE,RIO GRANDE DO NORTE,SMS,NATAL ,FOSFATO DE OSELTAMIVIR 75MG,INFLUENZA,,ENTREGA REALIZADA,4
SUL,RIO GRANDE DO SUL ,SES,RIO GRANDE DO SUL ,FOSFATO DE OSELTAMIVIR 75MG,INFLUENZA,,ENTREGA REALIZADA,4
NORTE,RONDÔNIA,SES,RONDÔNIA,FOSFATO DE OSELTAMIVIR 75MG,INFLUENZA,,ENTREGA REALIZADA,3
NORTE,RONDÔNIA,SES,RONDÔNIA,FOSFATO DE OSELTAMIVIR 75MG,INFLUENZA,,ENTREGA REALIZADA,4
SUL,SANTA CATARINA,SMS,FLORIANÓPOLIS ,FOSFATO DE OSELTAMIVIR 75MG,INFLUENZA,,ENTREGA REALIZADA,3
NORDESTE,SERGIPE,SMS,ARACAJÚ,FOSFATO DE OSELTAMIVIR 75MG,INFLUENZA,,ENTREGA REALIZADA,3
NORDESTE,SERGIPE,SMS,ARACAJÚ,FOSFATO DE OSELTAMIVIR 75MG,INFLUENZA,,ENTREGA REALIZADA,4
NORTE,ACRE,SAÚDE INDÍGENA,DSEI ALTO RIO PURUS,FOSFATO DE OSELTAMIVIR 30MG,INFLUENZA,,ENTREGA REALIZADA,2
NORTE,ACRE,SAÚDE INDÍGENA,DSEI ALTO RIO PURUS,FOSFATO DE OSELTAMIVIR 75MG,INFLUENZA,,ENTREGA REALIZADA,4
NORTE,ACRE,SMS,RIO BRANCO ,FOSFATO DE OSELTAMIVIR 45MG,INFLUENZA,,ENTREGA REALIZADA,3
NORTE,ACRE,SMS,RIO BRANCO ,FOSFATO DE OSELTAMIVIR 75MG,INFLUENZA,,ENTREGA REALIZADA,4
NORDESTE,ALAGOAS,SMS,MACEIÓ,FOSFATO DE OSELTAMIVIR 45MG,INFLUENZA,,ENTREGA REALIZADA,3
NORDESTE,ALAGOAS,SMS,MACEIÓ,FOSFATO DE OSELTAMIVIR 75MG,INFLUENZA,,ENTREGA REALIZADA,4
NORDESTE,MARANHÃO ,SES,MARANHÃO ,FOSFATO DE OSELTAMIVIR 75MG,INFLUENZA,,ENTREGA REALIZADA,4
CENTRO-OESTE,MATO GROSSO ,SAÚDE INDÍGENA,DSEI XINGU ,FOSFATO DE OSELTAMIVIR 75MG,INFLUENZA,,ENTREGA REALIZADA,2
CENTRO-OESTE,MATO GROSSO ,SAÚDE INDÍGENA,DSEI XINGU ,FOSFATO DE OSELTAMIVIR 75MG,INFLUENZA,,ENTREGA REALIZADA,3
CENTRO-OESTE,MATO GROSSO ,SAÚDE INDÍGENA,DSEI XINGU ,FOSFATO DE OSELTAMIVIR 75MG,INFLUENZA,,ENTREGA REALIZADA,4
CENTRO-OESTE,MATO GROSSO ,SAÚDE INDÍGENA,DSEI ARAGUAIA,FOSFATO DE OSELTAMIVIR 75MG,INFLUENZA,,ENTREGA REALIZADA,2
CENTRO-OESTE,MATO GROSSO ,SAÚDE INDÍGENA,DSEI ARAGUAIA,FOSFATO DE OSELTAMIVIR 75MG,INFLUENZA,,ENTREGA REALIZADA,3
CENTRO-OESTE,MATO GROSSO ,SAÚDE INDÍGENA,DSEI ARAGUAIA,FOSFATO DE OSELTAMIVIR 75MG,INFLUENZA,,ENTREGA REALIZADA,4
NORTE,PARÁ,SMS,BELÉM ,FOSFATO DE OSELTAMIVIR 75MG,INFLUENZA,,ENTREGA REALIZADA,3
NORDESTE,PARAÍBA,SAÚDE INDÍGENA,DSEI POTIGUARA,FOSFATO DE OSELTAMIVIR 75MG,INFLUENZA,,ENTREGA REALIZADA,2
NORDESTE,PARAÍBA,SAÚDE INDÍGENA,DSEI POTIGUARA,FOSFATO DE OSELTAMIVIR 75MG,INFLUENZA,,ENTREGA REALIZADA,3
NORDESTE,PARAÍBA,SAÚDE INDÍGENA,DSEI POTIGUARA,FOSFATO DE OSELTAMIVIR 75MG,INFLUENZA,,ENTREGA REALIZADA,4
NORDESTE,PIAUÍ,SES,PIAUÍ,FOSFATO DE OSELTAMIVIR 75MG,INFLUENZA,,ENTREGA REALIZADA,3
NORDESTE,PIAUÍ,SES,PIAUÍ,FOSFATO DE OSELTAMIVIR 75MG,INFLUENZA,,ENTREGA REALIZADA,4
NORDESTE,PIAUÍ,SMS,TERESINA,FOSFATO DE OSELTAMIVIR 75MG,INFLUENZA,,ENTREGA REALIZADA,3
NORTE,RONDÔNIA,SMS,PORTO VELHO ,FOSFATO DE OSELTAMIVIR 75MG,INFLUENZA,,ENTREGA REALIZADA,3
NORTE,RONDÔNIA,SMS,PORTO VELHO ,FOSFATO DE OSELTAMIVIR 75MG,INFLUENZA,,ENTREGA REALIZADA,4
NORTE,ACRE,SAÚDE INDÍGENA,DSEI ALTO RIO JURUÁ ,FOSFATO DE OSELTAMIVIR 30MG,INFLUENZA,,ENTREGA REALIZADA ,2
NORTE,ACRE,SAÚDE INDÍGENA,DSEI ALTO RIO JURUÁ ,FOSFATO DE OSELTAMIVIR 45MG,INFLUENZA,,ENTREGA REALIZADA ,3
NORTE,ACRE,SAÚDE INDÍGENA,DSEI ALTO RIO JURUÁ ,FOSFATO DE OSELTAMIVIR 75MG,INFLUENZA,,ENTREGA REALIZADA ,4
NORTE,AMAPÁ,SES,AMAPÁ,FOSFATO DE OSELTAMIVIR 75MG,INFLUENZA,,ENTREGA REALIZADA ,4
CENTRO-OESTE,DISTRITO FEDERAL ,SES,DISTRITO FEDERAL ,FOSFATO DE OSELTAMIVIR 75MG,INFLUENZA,,ENTREGA REALIZADA ,3
CENTRO-OESTE,DISTRITO FEDERAL ,SES,DISTRITO FEDERAL ,FOSFATO DE OSELTAMIVIR 75MG,INFLUENZA,,ENTREGA REALIZADA ,5
NORTE,AMAPÁ,SES,AMAPÁ,FOSFATO DE OSELTAMIVIR 75MG,INFLUENZA,,ENTREGA REALIZADA ,3
SUDESTE,ESPÍRITO SANTO,SES,ESPÍRITO SANTO ,FOSFATO DE OSELTAMIVIR 75MG,INFLUENZA,,ENTREGA REALIZADA ,3
CENTRO-OESTE,GOIÁS,SES,GOIÁS,FOSFATO DE OSELTAMIVIR 75MG,INFLUENZA,,ENTREGA REALIZADA ,3
CENTRO-OESTE,MATO GROSSO DO SUL,SES,MATO GROSSO DO SUL ,FOSFATO DE OSELTAMIVIR 75MG,INFLUENZA,,ENTREGA REALIZADA ,3
NORDESTE,PERNAMBUCO,SES,PERNAMBUCO,FOSFATO DE OSELTAMIVIR 75MG,INFLUENZA,,ENTREGA REALIZADA ,3
NORDESTE,RIO GRANDE DO NORTE,SES,RIO GRANDE DO NORTE ,FOSFATO DE OSELTAMIVIR 75MG,INFLUENZA,,ENTREGA REALIZADA ,3
NORDESTE,SERGIPE,SES,SERGIPE ,FOSFATO DE OSELTAMIVIR 75MG,INFLUENZA,,ENTREGA REALIZADA ,3
SUDESTE,ESPÍRITO SANTO,SES,ESPÍRITO SANTO ,FOSFATO DE OSELTAMIVIR 75MG,INFLUENZA,,ENTREGA REALIZADA ,5
CENTRO-OESTE,GOIÁS,SES,GOIÁS,FOSFATO DE OSELTAMIVIR 75MG,INFLUENZA,,ENTREGA REALIZADA ,5
CENTRO-OESTE,MATO GROSSO DO SUL,SES,MATO GROSSO DO SUL ,FOSFATO DE OSELTAMIVIR 75MG,INFLUENZA,,ENTREGA REALIZADA ,5
NORDESTE,SERGIPE,SES,SERGIPE ,FOSFATO DE OSELTAMIVIR 75MG,INFLUENZA,,ENTREGA REALIZADA ,5
CENTRO-OESTE,GOIÁS,SMS,GOIÂNIA ,FOSFATO DE OSELTAMIVIR 75MG,INFLUENZA,,ENTREGA REALIZADA,3
NORDESTE,PERNAMBUCO,SMS,RECIFE,FOSFATO DE OSELTAMIVIR 75MG,INFLUENZA,,ENTREGA REALIZADA,3
NORDESTE,PIAUÍ,SMS,TERESINA,FOSFATO DE OSELTAMIVIR 75MG,INFLUENZA,,ENTREGA REALIZADA,3
NORTE,TOCANTINS,SMS,PALMAS,FOSFATO DE OSELTAMIVIR 75MG,INFLUENZA,,ENTREGA REALIZADA,3
SUDESTE,ESPÍRITO SANTO,SMS,VITÓRIA,FOSFATO DE OSELTAMIVIR 75MG,INFLUENZA,,ENTREGA REALIZADA,"5,33"
CENTRO-OESTE,GOIÁS,SMS,GOIÂNIA ,FOSFATO DE OSELTAMIVIR 75MG,INFLUENZA,,ENTREGA REALIZADA,"5,33"
NORDESTE,PERNAMBUCO,SMS,RECIFE,FOSFATO DE OSELTAMIVIR 75MG,INFLUENZA,,ENTREGA REALIZADA,"5,33"
NORDESTE,PIAUÍ,SMS,TERESINA,FOSFATO DE OSELTAMIVIR 75MG,INFLUENZA,,ENTREGA REALIZADA,"5,33"
NORTE,TOCANTINS,SMS,PALMAS,FOSFATO DE OSELTAMIVIR 75MG,INFLUENZA,,ENTREGA REALIZADA,"5,33"
NORTE,ACRE,SES,ACRE,FOSFATO DE OSELTAMIVIR 75MG,INFLUENZA,,ENTREGA REALIZADA ,3
NORTE,ACRE,SES,ACRE,FOSFATO DE OSELTAMIVIR 75MG,INFLUENZA,,ENTREGA REALIZADA ,5
NORDESTE,PARAÍBA,SES,PARAÍBA,FOSFATO DE OSELTAMIVIR 75MG,INFLUENZA,,ENTREGA REALIZADA ,5
NORDESTE,ALAGOAS,SES,ALAGOAS ,FOSFATO DE OSELTAMIVIR 75MG,INFLUENZA,,ENTREGA REALIZADA,3
NORDESTE,BAHIA,SES,BAHIA ,FOSFATO DE OSELTAMIVIR 75MG,INFLUENZA,,ENTREGA REALIZADA,3
NORDESTE,CEARÁ,SES,CEARÁ,FOSFATO DE OSELTAMIVIR 75MG,INFLUENZA,,ENTREGA REALIZADA,3
CENTRO-OESTE,MATO GROSSO ,SES,MATO GROSSO ,FOSFATO DE OSELTAMIVIR 75MG,INFLUENZA,,ENTREGA REALIZADA,3
SUDESTE,MINAS GERAIS ,SES,MINAS GERAIS ,FOSFATO DE OSELTAMIVIR 75MG,INFLUENZA,,ENTREGA REALIZADA,3
SUL,PARANÁ ,SES,PARANÁ,FOSFATO DE OSELTAMIVIR 75MG,INFLUENZA,,ENTREGA REALIZADA,3
NORTE,RONDÔNIA,SES,RONDÔNIA,FOSFATO DE OSELTAMIVIR 75MG,INFLUENZA,,ENTREGA REALIZADA,3
NORTE,RORAIMA,SES,RORAIMA,FOSFATO DE OSELTAMIVIR 75MG,INFLUENZA,,ENTREGA REALIZADA,3
SUL,SANTA CATARINA,SES,SANTA CATARINA ,FOSFATO DE OSELTAMIVIR 75MG,INFLUENZA,,ENTREGA REALIZADA,3
SUDESTE,SÃO PAULO ,SES,SÃO PAULO ,FOSFATO DE OSELTAMIVIR 75MG,INFLUENZA,,ENTREGA REALIZADA,3
NORDESTE,ALAGOAS,SES,ALAGOAS ,FOSFATO DE OSELTAMIVIR 75MG,INFLUENZA,,ENTREGA REALIZADA,5
NORDESTE,BAHIA,SES,BAHIA ,FOSFATO DE OSELTAMIVIR 75MG,INFLUENZA,,ENTREGA REALIZADA,5
CENTRO-OESTE,MATO GROSSO ,SES,MATO GROSSO ,FOSFATO DE OSELTAMIVIR 75MG,INFLUENZA,,ENTREGA REALIZADA,5
SUDESTE,MINAS GERAIS ,SES,MINAS GERAIS ,FOSFATO DE OSELTAMIVIR 75MG,INFLUENZA,,ENTREGA REALIZADA,5
SUL,PARANÁ ,SES,PARANÁ,FOSFATO DE OSELTAMIVIR 75MG,INFLUENZA,,ENTREGA REALIZADA,5
NORTE,RONDÔNIA,SES,RONDÔNIA,FOSFATO DE OSELTAMIVIR 75MG,INFLUENZA,,ENTREGA REALIZADA,5
NORTE,RORAIMA,SES,RORAIMA,FOSFATO DE OSELTAMIVIR 75MG,INFLUENZA,,ENTREGA REALIZADA,5
SUL,SANTA CATARINA,SES,SANTA CATARINA ,FOSFATO DE OSELTAMIVIR 75MG,INFLUENZA,,ENTREGA REALIZADA,5
SUDESTE,SÃO PAULO ,SES,SÃO PAULO ,FOSFATO DE OSELTAMIVIR 75MG,INFLUENZA,,ENTREGA REALIZADA,5
NORTE,ACRE,SMS,RIO BRANCO ,FOSFATO DE OSELTAMIVIR 75MG,INFLUENZA,,ENTREGA REALIZADA,3
NORDESTE,BAHIA,SMS,SALVADOR,FOSFATO DE OSELTAMIVIR 75MG,INFLUENZA,,ENTREGA REALIZADA,3
NORDESTE,CEARÁ,SMS,FORTALEZA,FOSFATO DE OSELTAMIVIR 75MG,INFLUENZA,,ENTREGA REALIZADA,3
SUDESTE,MINAS GERAIS ,SMS,BELO HORIZONTE,FOSFATO DE OSELTAMIVIR 75MG,INFLUENZA,,ENTREGA REALIZADA,3
NORTE,PARÁ,SMS,BELÉM ,FOSFATO DE OSELTAMIVIR 75MG,INFLUENZA,,ENTREGA REALIZADA,3
SUDESTE,RIO DE JANEIRO,SMS,RIO DE JANEIRO,FOSFATO DE OSELTAMIVIR 75MG,INFLUENZA,,ENTREGA REALIZADA,3
SUL,RIO GRANDE DO SUL ,SMS,PORTO ALEGRE,FOSFATO DE OSELTAMIVIR 75MG,INFLUENZA,,ENTREGA REALIZADA,3
SUL,SANTA CATARINA,SMS,FLORIANÓPOLIS ,FOSFATO DE OSELTAMIVIR 75MG,INFLUENZA,,ENTREGA REALIZADA,3
SUDESTE,SÃO PAULO ,SMS,SÃO PAULO ,FOSFATO DE OSELTAMIVIR 75MG,INFLUENZA,,ENTREGA REALIZADA,3
NORTE,ACRE,SMS,RIO BRANCO ,FOSFATO DE OSELTAMIVIR 75MG,INFLUENZA,,ENTREGA REALIZADA,"5,33"
NORDESTE,BAHIA,SMS,SALVADOR,FOSFATO DE OSELTAMIVIR 75MG,INFLUENZA,,ENTREGA REALIZADA,"5,33"
NORDESTE,CEARÁ,SMS,FORTALEZA,FOSFATO DE OSELTAMIVIR 75MG,INFLUENZA,,ENTREGA REALIZADA,"5,33"
CENTRO-OESTE,MATO GROSSO DO SUL,SMS,CAMPO GRANDE,FOSFATO DE OSELTAMIVIR 75MG,INFLUENZA,,ENTREGA REALIZADA,"5,33"
SUDESTE,MINAS GERAIS ,SMS,BELO HORIZONTE,FOSFATO DE OSELTAMIVIR 75MG,INFLUENZA,,ENTREGA REALIZADA,"5,33"
NORTE,PARÁ,SMS,BELÉM ,FOSFATO DE OSELTAMIVIR 75MG,INFLUENZA,,ENTREGA REALIZADA,"5,33"
NORDESTE,PARAÍBA,SMS,JOÃO PESSOA,FOSFATO DE OSELTAMIVIR 75MG,INFLUENZA,,ENTREGA REALIZADA,"5,33"
SUL,PARANÁ ,SMS,CURITIBA ,FOSFATO DE OSELTAMIVIR 75MG,INFLUENZA,,ENTREGA REALIZADA,"5,33"
SUDESTE,RIO DE JANEIRO,SMS,RIO DE JANEIRO,FOSFATO DE OSELTAMIVIR 75MG,INFLUENZA,,ENTREGA REALIZADA,"5,33"
NORDESTE,RIO GRANDE DO NORTE,SMS,NATAL ,FOSFATO DE OSELTAMIVIR 75MG,INFLUENZA,,ENTREGA REALIZADA,"5,33"
SUL,RIO GRANDE DO SUL ,SMS,PORTO ALEGRE,FOSFATO DE OSELTAMIVIR 75MG,INFLUENZA,,ENTREGA REALIZADA,"5,33"
SUL,SANTA CATARINA,SMS,FLORIANÓPOLIS ,FOSFATO DE OSELTAMIVIR 75MG,INFLUENZA,,ENTREGA REALIZADA,"5,33"
SUDESTE,SÃO PAULO ,SMS,SÃO PAULO ,FOSFATO DE OSELTAMIVIR 75MG,INFLUENZA,,ENTREGA REALIZADA,"5,33"
SUL,RIO GRANDE DO SUL ,SES,RIO GRANDE DO SUL ,FOSFATO DE OSELTAMIVIR 75MG,INFLUENZA,,ENTREGA REALIZADA ,3
SUL,RIO GRANDE DO SUL ,SES,RIO GRANDE DO SUL ,FOSFATO DE OSELTAMIVIR 75MG,INFLUENZA,,ENTREGA REALIZADA ,5
SUL,PARANÁ ,SAÚDE INDÍGENA,DSEI LITORAL SUL ,FOSFATO DE OSELTAMIVIR 75MG,INFLUENZA,,ENTREGA REALIZADA,2
CENTRO-OESTE,MATO GROSSO DO SUL,SMS,CAMPO GRANDE,FOSFATO DE OSELTAMIVIR 75MG,INFLUENZA,,ENTREGA REALIZADA ,"5,33"
CENTRO-OESTE,MATO GROSSO DO SUL,SMS,CAMPO GRANDE,FOSFATO DE OSELTAMIVIR 75MG,INFLUENZA,,ENTREGA REALIZADA ,2
CENTRO-OESTE,MATO GROSSO DO SUL,SMS,CAMPO GRANDE,FOSFATO DE OSELTAMIVIR 75MG,INFLUENZA,,ENTREGA REALIZADA ,3
NORDESTE,BAHIA,SES,BAHIA,FOSFATO DE OSELTAMIVIR 75MG,INFLUENZA,,ENTREGA REALIZADA ,5
NORDESTE,BAHIA,SES,BAHIA,FOSFATO DE OSELTAMIVIR 75MG,INFLUENZA,,ENTREGA REALIZADA ,3
CENTRO-OESTE,MATO GROSSO ,SES,MATO GROSSO ,FOSFATO DE OSELTAMIVIR 75MG,INFLUENZA,,ENTREGA REALIZADA ,5
CENTRO-OESTE,MATO GROSSO ,SES,MATO GROSSO ,FOSFATO DE OSELTAMIVIR 75MG,INFLUENZA,,ENTREGA REALIZADA ,3
CENTRO-OESTE,MATO GROSSO ,SES,MATO GROSSO ,FOSFATO DE OSELTAMIVIR 75MG,INFLUENZA,,ENTREGA REALIZADA ,2
NORDESTE,PIAUÍ,SMS,TERESINA,FOSFATO DE OSELTAMIVIR 75MG,INFLUENZA,,ENTREGA REALIZADA ,2
SUDESTE,SÃO PAULO ,SMS,SÃO PAULO ,FOSFATO DE OSELTAMIVIR 75MG,INFLUENZA,,ENTREGA REALIZADA ,2
CENTRO-OESTE,GOIÁS,SES,GOIÁS,FOSFATO DE OSELTAMIVIR 75MG,INFLUENZA,,ENTREGA REALIZADA ,2
NORTE,ACRE,SES,ACRE,FOSFATO DE OSELTAMIVIR 75MG,INFLUENZA,,ENTREGA REALIZADA ,5
NORTE,ACRE,SES,ACRE,FOSFATO DE OSELTAMIVIR 75MG,INFLUENZA,,ENTREGA REALIZADA ,3
NORTE,ACRE,SES,ACRE,FOSFATO DE OSELTAMIVIR 75MG,INFLUENZA,,ENTREGA REALIZADA ,2
CENTRO-OESTE,DISTRITO FEDERAL ,SES,DISTRITO FEDERAL ,FOSFATO DE OSELTAMIVIR 75MG,INFLUENZA,,ENTREGA REALIZADA ,5
CENTRO-OESTE,DISTRITO FEDERAL ,SES,DISTRITO FEDERAL ,FOSFATO DE OSELTAMIVIR 75MG,INFLUENZA,,ENTREGA REALIZADA ,2
SUL,PARANÁ ,SMS,CURITIBA,FOSFATO DE OSELTAMIVIR 75MG,INFLUENZA,,ENTREGA REALIZADA ,"5,33"
NORDESTE,PARAÍBA,SES,PARAÍBA,FOSFATO DE OSELTAMIVIR 75MG,INFLUENZA,,ENTREGA REALIZADA ,5
NORDESTE,PARAÍBA,SES,PARAÍBA,FOSFATO DE OSELTAMIVIR 75MG,INFLUENZA,,ENTREGA REALIZADA ,3
SUDESTE,MINAS GERAIS ,SMS,BELO HORIZONTE,FOSFATO DE OSELTAMIVIR 75MG,INFLUENZA,,ENTREGA REALIZADA ,"5,33"
SUDESTE,MINAS GERAIS ,SMS,BELO HORIZONTE,FOSFATO DE OSELTAMIVIR 75MG,INFLUENZA,,ENTREGA REALIZADA ,2
SUDESTE,ESPÍRITO SANTO,SMS,VITÓRIA,FOSFATO DE OSELTAMIVIR 75MG,INFLUENZA,,ENTREGA REALIZADA ,3
SUDESTE,ESPÍRITO SANTO,SMS,VITÓRIA,FOSFATO DE OSELTAMIVIR 75MG,INFLUENZA,,ENTREGA REALIZADA ,2
NORTE,PARÁ,SMS,BELÉM ,FOSFATO DE OSELTAMIVIR 75MG,INFLUENZA,,ENTREGA REALIZADA ,2
SUL,PARANÁ ,SES,PARANÁ,FOSFATO DE OSELTAMIVIR 75MG,INFLUENZA,,ENTREGA REALIZADA ,5
SUL,PARANÁ ,SES,PARANÁ,FOSFATO DE OSELTAMIVIR 75MG,INFLUENZA,,ENTREGA REALIZADA ,3
SUDESTE,MINAS GERAIS ,SES,MINAS GERAIS ,FOSFATO DE OSELTAMIVIR 75MG,INFLUENZA,,ENTREGA REALIZADA ,2
NORDESTE,CEARÁ,SES,CEARÁ,FOSFATO DE OSELTAMIVIR 75MG,INFLUENZA,,ENTREGA REALIZADA ,2
NORDESTE,ALAGOAS,SES,ALAGOAS,FOSFATO DE OSELTAMIVIR 75MG,INFLUENZA,,ENTREGA REALIZADA,5
CENTRO-OESTE,MATO GROSSO ,SES,MATO GROSSO ,FOSFATO DE OSELTAMIVIR 75MG,INFLUENZA,,ENTREGA REALIZADA,5
NORDESTE,ALAGOAS,SES,ALAGOAS,FOSFATO DE OSELTAMIVIR 75MG,INFLUENZA,,ENTREGA REALIZADA,"3,8"
CENTRO-OESTE,MATO GROSSO ,SES,MATO GROSSO ,FOSFATO DE OSELTAMIVIR 75MG,INFLUENZA,,ENTREGA REALIZADA,"3,8"
NORDESTE,ALAGOAS,SES,ALAGOAS,FOSFATO DE OSELTAMIVIR 75MG,INFLUENZA,,ENTREGA REALIZADA,"2,6"
CENTRO-OESTE,MATO GROSSO ,SES,MATO GROSSO ,FOSFATO DE OSELTAMIVIR 75MG,INFLUENZA,,ENTREGA REALIZADA,"2,6"
CENTRO-OESTE,DISTRITO FEDERAL ,SES,DISTRITO FEDERAL ,FOSFATO DE OSELTAMIVIR 75MG,INFLUENZA,,ENTREGA REALIZADA,5
SUDESTE,SÃO PAULO ,SES,SÃO PAULO ,FOSFATO DE OSELTAMIVIR 75MG,INFLUENZA,,ENTREGA REALIZADA,5
CENTRO-OESTE,DISTRITO FEDERAL ,SES,DISTRITO FEDERAL ,FOSFATO DE OSELTAMIVIR 75MG,INFLUENZA,,ENTREGA REALIZADA,"3,8"
SUDESTE,SÃO PAULO ,SES,SÃO PAULO ,FOSFATO DE OSELTAMIVIR 75MG,INFLUENZA,,ENTREGA REALIZADA,"3,8"
CENTRO-OESTE,DISTRITO FEDERAL ,SES,DISTRITO FEDERAL ,FOSFATO DE OSELTAMIVIR 75MG,INFLUENZA,,ENTREGA REALIZADA,"2,6"
SUDESTE,SÃO PAULO ,SES,SÃO PAULO ,FOSFATO DE OSELTAMIVIR 75MG,INFLUENZA,,ENTREGA REALIZADA,"2,6"
NORDESTE,BAHIA,SES,BAHIA,FOSFATO DE OSELTAMIVIR 75MG,INFLUENZA,,ENTREGA REALIZADA,5
NORDESTE,PIAUÍ,SES,PIAUÍ,FOSFATO DE OSELTAMIVIR 75MG,INFLUENZA,,ENTREGA REALIZADA,5
NORTE,RONDÔNIA,SES,RONDÔNIA,FOSFATO DE OSELTAMIVIR 75MG,INFLUENZA,,ENTREGA REALIZADA,5
NORTE,TOCANTINS,SES,TOCANTINS,FOSFATO DE OSELTAMIVIR 75MG,INFLUENZA,,ENTREGA REALIZADA,5
NORDESTE,ALAGOAS,SMS,MACEIÓ,FOSFATO DE OSELTAMIVIR 75MG,INFLUENZA,,ENTREGA REALIZADA,5
NORDESTE,BAHIA,SES,BAHIA,FOSFATO DE OSELTAMIVIR 75MG,INFLUENZA,,ENTREGA REALIZADA,"3,8"
NORTE,PARÁ,SES,PARÁ ,FOSFATO DE OSELTAMIVIR 75MG,INFLUENZA,,ENTREGA REALIZADA,"3,8"
NORDESTE,PIAUÍ,SES,PIAUÍ,FOSFATO DE OSELTAMIVIR 75MG,INFLUENZA,,ENTREGA REALIZADA,"3,8"
NORDESTE,RIO GRANDE DO NORTE,SES,RIO GRANDE DO NORTE,FOSFATO DE OSELTAMIVIR 75MG,INFLUENZA,,ENTREGA REALIZADA,"3,8"
NORTE,RONDÔNIA,SES,RONDÔNIA,FOSFATO DE OSELTAMIVIR 75MG,INFLUENZA,,ENTREGA REALIZADA,"3,8"
NORTE,TOCANTINS,SES,TOCANTINS,FOSFATO DE OSELTAMIVIR 75MG,INFLUENZA,,ENTREGA REALIZADA,"3,8"
NORDESTE,BAHIA,SES,BAHIA,FOSFATO DE OSELTAMIVIR 75MG,INFLUENZA,,ENTREGA REALIZADA,"2,6"
NORTE,PARÁ,SES,PARÁ ,FOSFATO DE OSELTAMIVIR 75MG,INFLUENZA,,ENTREGA REALIZADA,"2,6"
NORDESTE,PIAUÍ,SES,PIAUÍ,FOSFATO DE OSELTAMIVIR 75MG,INFLUENZA,,ENTREGA REALIZADA,"2,6"
NORTE,RONDÔNIA,SES,RONDÔNIA,FOSFATO DE OSELTAMIVIR 75MG,INFLUENZA,,ENTREGA REALIZADA,"2,6"
NORDESTE,SERGIPE,SES,SERGIPE ,FOSFATO DE OSELTAMIVIR 75MG,INFLUENZA,,ENTREGA REALIZADA,"2,6"
NORDESTE,ALAGOAS,SMS,MACEIÓ,FOSFATO DE OSELTAMIVIR 75MG,INFLUENZA,,ENTREGA REALIZADA,"2,6"
NORTE,TOCANTINS,SMS,PALMAS,FOSFATO DE OSELTAMIVIR 75MG,INFLUENZA,,ENTREGA REALIZADA,"2,6"
NORTE,ACRE,SES,ACRE,FOSFATO DE OSELTAMIVIR 75MG,INFLUENZA,,ENTREGA REALIZADA,5
SUDESTE,MINAS GERAIS ,SES,MINAS GERAIS ,FOSFATO DE OSELTAMIVIR 75MG,INFLUENZA,,ENTREGA REALIZADA,5
NORDESTE,BAHIA,SMS,SALVADOR,FOSFATO DE OSELTAMIVIR 75MG,INFLUENZA,,ENTREGA REALIZADA,5
NORTE,ACRE,SES,ACRE,FOSFATO DE OSELTAMIVIR 75MG,INFLUENZA,,ENTREGA REALIZADA,"3,8"
SUDESTE,MINAS GERAIS ,SES,MINAS GERAIS ,FOSFATO DE OSELTAMIVIR 75MG,INFLUENZA,,ENTREGA REALIZADA,"3,8"
NORDESTE,PERNAMBUCO,SES,PERNAMBUCO,FOSFATO DE OSELTAMIVIR 75MG,INFLUENZA,,ENTREGA REALIZADA,"3,8"
NORTE,AMAPÁ,SMS,MACAPÁ,FOSFATO DE OSELTAMIVIR 75MG,INFLUENZA,,ENTREGA REALIZADA,"3,8"
NORDESTE,BAHIA,SMS,SALVADOR,FOSFATO DE OSELTAMIVIR 75MG,INFLUENZA,,ENTREGA REALIZADA,"3,8"
NORDESTE,CEARÁ,SMS,FORTALEZA,FOSFATO DE OSELTAMIVIR 75MG,INFLUENZA,,ENTREGA REALIZADA,"3,8"
NORTE,ACRE,SES,ACRE,FOSFATO DE OSELTAMIVIR 75MG,INFLUENZA,,ENTREGA REALIZADA,"2,6"
SUDESTE,MINAS GERAIS ,SES,MINAS GERAIS ,FOSFATO DE OSELTAMIVIR 75MG,INFLUENZA,,ENTREGA REALIZADA,"2,6"
NORDESTE,PERNAMBUCO,SES,PERNAMBUCO,FOSFATO DE OSELTAMIVIR 75MG,INFLUENZA,,ENTREGA REALIZADA,"2,6"
NORTE,AMAPÁ,SMS,MACAPÁ,FOSFATO DE OSELTAMIVIR 75MG,INFLUENZA,,ENTREGA REALIZADA,"2,6"
NORDESTE,BAHIA,SMS,SALVADOR,FOSFATO DE OSELTAMIVIR 75MG,INFLUENZA,,ENTREGA REALIZADA,"2,6"
NORTE,AMAPÁ,SES,AMAPÁ,FOSFATO DE OSELTAMIVIR 75MG,INFLUENZA,,ENTREGA REALIZADA,5
SUL,PARANÁ ,SES,PARANÁ,FOSFATO DE OSELTAMIVIR 75MG,INFLUENZA,,ENTREGA REALIZADA,5
NORTE,AMAPÁ,SES,AMAPÁ,FOSFATO DE OSELTAMIVIR 75MG,INFLUENZA,,ENTREGA REALIZADA,"3,8"
SUL,PARANÁ ,SES,PARANÁ,FOSFATO DE OSELTAMIVIR 75MG,INFLUENZA,,ENTREGA REALIZADA,"3,8"
NORTE,RORAIMA,SMS,BOA VISTA ,FOSFATO DE OSELTAMIVIR 75MG,INFLUENZA,,ENTREGA REALIZADA,"3,8"
NORTE,AMAPÁ,SES,AMAPÁ,FOSFATO DE OSELTAMIVIR 75MG,INFLUENZA,,ENTREGA REALIZADA,"2,6"
CENTRO-OESTE,GOIÁS,SES,GOIÁS,FOSFATO DE OSELTAMIVIR 75MG,INFLUENZA,,ENTREGA REALIZADA,"2,6"
SUL,PARANÁ ,SES,PARANÁ,FOSFATO DE OSELTAMIVIR 75MG,INFLUENZA,,ENTREGA REALIZADA,"2,6"
SUL,SANTA CATARINA,SES,SANTA CATARINA,FOSFATO DE OSELTAMIVIR 75MG,INFLUENZA,,ENTREGA REALIZADA,5
SUL,PARANÁ ,SMS,CURITIBA,FOSFATO DE OSELTAMIVIR 75MG,INFLUENZA,,ENTREGA REALIZADA,5
NORDESTE,MARANHÃO ,SES,MARANHÃO ,FOSFATO DE OSELTAMIVIR 75MG,INFLUENZA,,ENTREGA REALIZADA,"3,8"
SUL,SANTA CATARINA,SES,SANTA CATARINA,FOSFATO DE OSELTAMIVIR 75MG,INFLUENZA,,ENTREGA REALIZADA,"3,8"
NORDESTE,MARANHÃO ,SES,MARANHÃO ,FOSFATO DE OSELTAMIVIR 75MG,INFLUENZA,,ENTREGA REALIZADA,"2,6"
SUL,SANTA CATARINA,SES,SANTA CATARINA,FOSFATO DE OSELTAMIVIR 75MG,INFLUENZA,,ENTREGA REALIZADA,"2,6"
SUL,RIO GRANDE DO SUL ,SES,RIO GRANDE DO SUL ,FOSFATO DE OSELTAMIVIR 75MG,INFLUENZA,,ENTREGA REALIZADA,5
SUL,RIO GRANDE DO SUL ,SES,RIO GRANDE DO SUL ,FOSFATO DE OSELTAMIVIR 75MG,INFLUENZA,,ENTREGA REALIZADA,"3,8"
SUL,RIO GRANDE DO SUL ,SES,RIO GRANDE DO SUL ,FOSFATO DE OSELTAMIVIR 75MG,INFLUENZA,,ENTREGA REALIZADA,"2,6"
NORDESTE,CEARÁ,SES,CEARÁ,FOSFATO DE OSELTAMIVIR 75MG,INFLUENZA,,ENTREGA REALIZADA,5
NORDESTE,PARAÍBA,SES,PARAÍBA,FOSFATO DE OSELTAMIVIR 75MG,INFLUENZA,,ENTREGA REALIZADA,5
SUL,SANTA CATARINA,SMS,FLORIANÓPOLIS ,FOSFATO DE OSELTAMIVIR 75MG,INFLUENZA,,ENTREGA REALIZADA,5
SUDESTE,ESPÍRITO SANTO,SMS,VITÓRIA,FOSFATO DE OSELTAMIVIR 75MG,INFLUENZA,,ENTREGA REALIZADA,5
NORDESTE,CEARÁ,SES,CEARÁ,FOSFATO DE OSELTAMIVIR 75MG,INFLUENZA,,ENTREGA REALIZADA,"3,8"
NORDESTE,PARAÍBA,SES,PARAÍBA,FOSFATO DE OSELTAMIVIR 75MG,INFLUENZA,,ENTREGA REALIZADA,"3,8"
SUL,SANTA CATARINA,SMS,FLORIANÓPOLIS ,FOSFATO DE OSELTAMIVIR 75MG,INFLUENZA,,ENTREGA REALIZADA,"3,8"
NORDESTE,CEARÁ,SES,CEARÁ,FOSFATO DE OSELTAMIVIR 75MG,INFLUENZA,,ENTREGA REALIZADA,"2,6"
SUL,SANTA CATARINA,SMS,FLORIANÓPOLIS ,FOSFATO DE OSELTAMIVIR 75MG,INFLUENZA,,ENTREGA REALIZADA,"2,6"
SUL,RIO GRANDE DO SUL ,SMS,PORTO ALEGRE,FOSFATO DE OSELTAMIVIR 75MG,INFLUENZA,,ENTREGA REALIZADA,5
CENTRO-OESTE,MATO GROSSO DO SUL,SMS,CAMPO GRANDE,FOSFATO DE OSELTAMIVIR 75MG,INFLUENZA,,ENTREGA REALIZADA,5
SUDESTE,MINAS GERAIS ,SMS,BELO HORIZONTE,FOSFATO DE OSELTAMIVIR 75MG,INFLUENZA,,ENTREGA REALIZADA,5
NORDESTE,SERGIPE,SMS,ARACAJÚ,FOSFATO DE OSELTAMIVIR 75MG,INFLUENZA,,ENTREGA REALIZADA,5
CENTRO-OESTE,MATO GROSSO DO SUL,SMS,CAMPO GRANDE,FOSFATO DE OSELTAMIVIR 75MG,INFLUENZA,,ENTREGA REALIZADA,"3,8"
CENTRO-OESTE,MATO GROSSO DO SUL,SMS,CAMPO GRANDE,FOSFATO DE OSELTAMIVIR 75MG,INFLUENZA,,ENTREGA REALIZADA,"2,6"
SUDESTE,MINAS GERAIS ,SMS,BELO HORIZONTE,FOSFATO DE OSELTAMIVIR 75MG,INFLUENZA,,ENTREGA REALIZADA,"2,6"
NORDESTE,SERGIPE,SMS,ARACAJÚ,FOSFATO DE OSELTAMIVIR 75MG,INFLUENZA,,ENTREGA REALIZADA,"2,6"
NORTE,AMAZONAS,SMS,MANAUS,FOSFATO DE OSELTAMIVIR 75MG,INFLUENZA,,ENTREGA REALIZADA,5
NORTE,AMAZONAS,SMS,MANAUS,FOSFATO DE OSELTAMIVIR 75MG,INFLUENZA,,ENTREGA REALIZADA,"3,8"
SUDESTE,RIO DE JANEIRO,SMS,RIO DE JANEIRO,FOSFATO DE OSELTAMIVIR 75MG,INFLUENZA,,ENTREGA REALIZADA,"3,8"
NORTE,AMAZONAS,SMS,MANAUS,FOSFATO DE OSELTAMIVIR 75MG,INFLUENZA,,ENTREGA REALIZADA,"2,6"
SUDESTE,RIO DE JANEIRO,SMS,RIO DE JANEIRO,FOSFATO DE OSELTAMIVIR 75MG,INFLUENZA,,ENTREGA REALIZADA,"2,6"
NORTE,AMAZONAS,SES,AMAZONAS,FOSFATO DE OSELTAMIVIR 75MG,INFLUENZA,,ENTREGA REALIZADA,5
NORTE,AMAZONAS,SES,AMAZONAS,FOSFATO DE OSELTAMIVIR 75MG,INFLUENZA,,ENTREGA REALIZADA,"3,8"
NORTE,AMAZONAS,SES,AMAZONAS,FOSFATO DE OSELTAMIVIR 75MG,INFLUENZA,,ENTREGA REALIZADA,"2,6"
SUDESTE,SÃO PAULO ,SMS,SÃO PAULO ,FOSFATO DE OSELTAMIVIR 75MG,INFLUENZA,,ENTREGA REALIZADA,"2,6"
SUDESTE,SÃO PAULO ,SMS,SÃO PAULO ,FOSFATO DE OSELTAMIVIR 75MG,INFLUENZA,,ENTREGA REALIZADA,"3,8"
SUDESTE,SÃO PAULO ,SMS,SÃO PAULO ,FOSFATO DE OSELTAMIVIR 75MG,INFLUENZA,,ENTREGA REALIZADA,5
NORTE,AMAZONAS,SMS,MANAUS,FOSFATO DE OSELTAMIVIR 75MG,INFLUENZA,,ENTREGA REALIZADA,5
NORDESTE,MARANHÃO ,SMS,SÃO LUÍS,FOSFATO DE OSELTAMIVIR 75MG,INFLUENZA,,ENTREGA REALIZADA,"3,8"
NORTE,AMAZONAS,SAÚDE INDÍGENA,DSEI MANAUS,FOSFATO DE OSELTAMIVIR 75MG,INFLUENZA,,ENTREGA REALIZADA,"3,8"
NORTE,AMAZONAS,SAÚDE INDÍGENA,DSEI MANAUS,FOSFATO DE OSELTAMIVIR 75MG,INFLUENZA,,ENTREGA REALIZADA,5
SUDESTE,MINAS GERAIS ,SAÚDE INDÍGENA,DSEI MINAS GERAIS / ESPIRITO SANTO ,FOSFATO DE OSELTAMIVIR 75MG,INFLUENZA,,ENTREGA REALIZADA,"3,8"
SUDESTE,MINAS GERAIS ,SAÚDE INDÍGENA,DSEI MINAS GERAIS / ESPIRITO SANTO ,FOSFATO DE OSELTAMIVIR 75MG,INFLUENZA,,ENTREGA REALIZADA,5
NORTE,PARÁ,SAÚDE INDÍGENA,DSEI - Altarmira ,FOSFATO DE OSELTAMIVIR 75MG,INFLUENZA,,ENTREGA REALIZADA,"3,8"
NORTE,PARÁ,SAÚDE INDÍGENA,DSEI - Altarmira ,FOSFATO DE OSELTAMIVIR 75MG,INFLUENZA,,ENTREGA REALIZADA,5
NORTE,RORAIMA,SAÚDE INDÍGENA,DSEI - YANOMAMI ,FOSFATO DE OSELTAMIVIR 75MG,INFLUENZA,,ENTREGA REALIZADA,5
CENTRO-OESTE,MATO GROSSO ,SES,MATO GROSSO ,FOSFATO DE OSELTAMIVIR 75MG,INFLUENZA,,ENTREGA REALIZADA,"3,8"
CENTRO-OESTE,DISTRITO FEDERAL ,SES,DISTRITO FEDERAL ,FOSFATO DE OSELTAMIVIR 75MG,INFLUENZA,,ENTREGA REALIZADA,"3,8"
NORTE,PARÁ,SES,PARÁ ,FOSFATO DE OSELTAMIVIR 75MG,INFLUENZA,,ENTREGA REALIZADA,"3,8"
NORDESTE,RIO GRANDE DO NORTE,SES,RIO GRANDE DO NORTE,FOSFATO DE OSELTAMIVIR 75MG,INFLUENZA,,ENTREGA REALIZADA,"3,8"
SUDESTE,ESPÍRITO SANTO,SES,ESPÍRITO SANTO ,FOSFATO DE OSELTAMIVIR 75MG,INFLUENZA,,ENTREGA REALIZADA,"3,8"
CENTRO-OESTE,GOIÁS,SES,GOIÁS,FOSFATO DE OSELTAMIVIR 75MG,INFLUENZA,,ENTREGA REALIZADA,5
NORTE,PARÁ,SES,PARÁ ,FOSFATO DE OSELTAMIVIR 75MG,INFLUENZA,,ENTREGA REALIZADA,5
SUDESTE,ESPÍRITO SANTO,SES,ESPÍRITO SANTO ,FOSFATO DE OSELTAMIVIR 75MG,INFLUENZA,,ENTREGA REALIZADA,5
NORDESTE,PIAUÍ,SES,PIAUÍ,FOSFATO DE OSELTAMIVIR 75MG,INFLUENZA,,ENTREGA REALIZADA,"3,8"
NORDESTE,RIO GRANDE DO NORTE,SMS,NATAL ,FOSFATO DE OSELTAMIVIR 75MG,INFLUENZA,,ENTREGA REALIZADA,"3,8"
SUDESTE,SÃO PAULO ,SMS,SÃO PAULO ,FOSFATO DE OSELTAMIVIR 75MG,INFLUENZA,,ENTREGA REALIZADA,"3,8"
SUDESTE,ESPÍRITO SANTO,SMS,VITÓRIA,FOSFATO DE OSELTAMIVIR 75MG,INFLUENZA,,ENTREGA REALIZADA,"3,8"
NORDESTE,PIAUÍ,SES,PIAUÍ,FOSFATO DE OSELTAMIVIR 75MG,INFLUENZA,,ENTREGA REALIZADA,5
SUDESTE,SÃO PAULO ,SMS,SÃO PAULO ,FOSFATO DE OSELTAMIVIR 75MG,INFLUENZA,,ENTREGA REALIZADA,5
SUDESTE,ESPÍRITO SANTO,SMS,VITÓRIA,FOSFATO DE OSELTAMIVIR 75MG,INFLUENZA,,ENTREGA REALIZADA,5
SUL,RIO GRANDE DO SUL ,SMS,PORTO ALEGRE,FOSFATO DE OSELTAMIVIR 75MG,INFLUENZA,,ENTREGA REALIZADA,5
SUDESTE,RIO DE JANEIRO,SES,RIO DE JANEIRO,FOSFATO DE OSELTAMIVIR 75MG,INFLUENZA,,ENTREGA REALIZADA,"3,8"
SUL,SANTA CATARINA,SES,SANTA CATARINA,FOSFATO DE OSELTAMIVIR 75MG,INFLUENZA,,ENTREGA REALIZADA,"3,8"
SUL,SANTA CATARINA,SMS,FLORIANÓPOLIS,FOSFATO DE OSELTAMIVIR 75MG,INFLUENZA,,ENTREGA REALIZADA,"3,8"
NORTE,TOCANTINS,SAÚDE INDÍGENA,DSEI - Guamá - Tocantins   ,FOSFATO DE OSELTAMIVIR 75MG,INFLUENZA,,ENTREGA REALIZADA,"3,8"
CENTRO-OESTE,MATO GROSSO DO SUL,SES,MATO GROSSO DO SUL ,FOSFATO DE OSELTAMIVIR 75MG,INFLUENZA,,ENTREGA REALIZADA,5
SUDESTE,RIO DE JANEIRO,SES,RIO DE JANEIRO,FOSFATO DE OSELTAMIVIR 75MG,INFLUENZA,,ENTREGA REALIZADA,5
SUL,SANTA CATARINA,SES,SANTA CATARINA,FOSFATO DE OSELTAMIVIR 75MG,INFLUENZA,,ENTREGA REALIZADA,5
SUDESTE,MINAS GERAIS ,SMS,BELO HORIZONTE,FOSFATO DE OSELTAMIVIR 75MG,INFLUENZA,,ENTREGA REALIZADA,5
NORTE,TOCANTINS,SAÚDE INDÍGENA,DSEI - Guamá - Tocantins   ,FOSFATO DE OSELTAMIVIR 75MG,INFLUENZA,,ENTREGA REALIZADA,5
NORDESTE,BAHIA,SES,BAHIA,FOSFATO DE OSELTAMIVIR 75MG,INFLUENZA,,ENTREGA REALIZADA,"3,8"
SUDESTE,MINAS GERAIS ,SES,MINAS GERAIS,FOSFATO DE OSELTAMIVIR 75MG,INFLUENZA,,ENTREGA REALIZADA,"3,8"
SUDESTE,SÃO PAULO ,SES,SÃO PAULO ,FOSFATO DE OSELTAMIVIR 75MG,INFLUENZA,,ENTREGA REALIZADA,"3,8"
NORDESTE,BAHIA,SES,BAHIA,FOSFATO DE OSELTAMIVIR 75MG,INFLUENZA,,ENTREGA REALIZADA,5
SUDESTE,MINAS GERAIS ,SES,MINAS GERAIS,FOSFATO DE OSELTAMIVIR 75MG,INFLUENZA,,ENTREGA REALIZADA,5
SUDESTE,SÃO PAULO ,SES,SÃO PAULO ,FOSFATO DE OSELTAMIVIR 75MG,INFLUENZA,,ENTREGA REALIZADA,5
NORTE,RORAIMA,SMS,BOA VISTA ,FOSFATO DE OSELTAMIVIR 75MG,INFLUENZA,,ENTREGA REALIZADA,"3,8"
CENTRO-OESTE,GOIÁS,SMS,GOIÂNIA ,FOSFATO DE OSELTAMIVIR 75MG,INFLUENZA,,ENTREGA REALIZADA,5
NORTE,ACRE,SES,ACRE,FOSFATO DE OSELTAMIVIR 75MG,INFLUENZA,,ENTREGA REALIZADA,"3,8"
CENTRO-OESTE,MATO GROSSO DO SUL,SMS,CAMPO GRANDE,FOSFATO DE OSELTAMIVIR 75MG,INFLUENZA,,ENTREGA REALIZADA,"3,8"
NORDESTE,SERGIPE,SMS,ARACAJÚ,FOSFATO DE OSELTAMIVIR 75MG,INFLUENZA,,ENTREGA REALIZADA,"3,8"
CENTRO-OESTE,MATO GROSSO DO SUL,SMS,CAMPO GRANDE,FOSFATO DE OSELTAMIVIR 75MG,INFLUENZA,,ENTREGA REALIZADA,5
NORDESTE,SERGIPE,SMS,ARACAJÚ,FOSFATO DE OSELTAMIVIR 75MG,INFLUENZA,,ENTREGA REALIZADA,5
SUL,PARANÁ ,SES,PARANÁ,FOSFATO DE OSELTAMIVIR 75MG,INFLUENZA,,ENTREGA REALIZADA,"3,8"
SUL,PARANÁ ,SES,PARANÁ,FOSFATO DE OSELTAMIVIR 75MG,INFLUENZA,,ENTREGA REALIZADA,5
NORTE,AMAPÁ,DSEI Amapá e Norte do Pará ,DSEI AMAPÁ E NORTE DO PARÁ,FOSFATO DE OSELTAMIVIR 75MG,INFLUENZA,,ENTREGA REALIZADA,"3,8"
NORTE,AMAPÁ,DSEI Amapá e Norte do Pará ,DSEI AMAPÁ E NORTE DO PARÁ,FOSFATO DE OSELTAMIVIR 75MG,INFLUENZA,,ENTREGA REALIZADA,5
SUL,RIO GRANDE DO SUL ,SES,RIO GRANDE DO SUL ,FOSFATO DE OSELTAMIVIR 75MG,INFLUENZA,,ENTREGA REALIZADA,"3,8"
SUL,RIO GRANDE DO SUL ,SES,RIO GRANDE DO SUL ,FOSFATO DE OSELTAMIVIR 75MG,INFLUENZA,,ENTREGA REALIZADA,5
NORDESTE,MARANHÃO ,SES,MARANHÃO ,FOSFATO DE OSELTAMIVIR 75MG,INFLUENZA,,ENTREGA REALIZADA,"3,8"
NORDESTE,MARANHÃO ,SES,MARANHÃO ,FOSFATO DE OSELTAMIVIR 75MG,INFLUENZA,,ENTREGA REALIZADA,5
NORDESTE,ALAGOAS,SES,ALAGOAS ,FOSFATO DE OSELTAMIVIR 75MG,INFLUENZA,,ENTREGA REALIZADA,"2,6"
NORDESTE,BAHIA,SES,BAHIA ,FOSFATO DE OSELTAMIVIR 75MG,INFLUENZA,,ENTREGA REALIZADA,"2,6"
SUL,SANTA CATARINA,SES,SANTA CATARINA,FOSFATO DE OSELTAMIVIR 75MG,INFLUENZA,,ENTREGA REALIZADA,"2,6"
SUDESTE,ESPÍRITO SANTO,SMS,VITÓRIA ,FOSFATO DE OSELTAMIVIR 75MG,INFLUENZA,,ENTREGA REALIZADA,"2,6"
NORDESTE,RIO GRANDE DO NORTE,SES,RIO GRANDE DO NORTE,FOSFATO DE OSELTAMIVIR 75MG,INFLUENZA,,ENTREGA REALIZADA,"2,6"
SUDESTE,SÃO PAULO ,SMS,SÃO PAULO ,FOSFATO DE OSELTAMIVIR 75MG,INFLUENZA,,ENTREGA REALIZADA,"2,6"
CENTRO-OESTE,DISTRITO FEDERAL ,SES,DISTRITO FEDERAL ,FOSFATO DE OSELTAMIVIR 75MG,INFLUENZA,,ENTREGA REALIZADA,"2,6"
CENTRO-OESTE,GOIÁS,SES,GOIAS,FOSFATO DE OSELTAMIVIR 75MG,INFLUENZA,,ENTREGA REALIZADA,"2,6"
SUL,PARANÁ,SES,PARANA,FOSFATO DE OSELTAMIVIR 75MG,INFLUENZA,,ENTREGA REALIZADA,"2,6"
SUDESTE,RIO DE JANEIRO,SES,RIO DE JANEIRO ,FOSFATO DE OSELTAMIVIR 75MG,INFLUENZA,3500,ENTREGA REALIZADA,"2,6"
NORDESTE,PIAUÍ,SES,PIAUI ,FOSFATO DE OSELTAMIVIR 75MG,INFLUENZA,1000,ENTREGA REALIZADA,"2,6"
SUDESTE,MINAS GERAIS ,SES,MINAS GERAIS,FOSFATO DE OSELTAMIVIR 75MG,INFLUENZA,125500,ENTREGA REALIZADA,"2,6"
SUDESTE,MINAS GERAIS ,SMS,BELO HORIZONTE ,FOSFATO DE OSELTAMIVIR 75MG,INFLUENZA,35000,ENTREGA REALIZADA,5
NORTE,PARÁ,SES,PARA ,FOSFATO DE OSELTAMIVIR 75MG,INFLUENZA,5000,ENTREGA REALIZADA,"2,6"
SUL,RIO GRANDE DO SUL ,SES,RIO GRANDE DO SUL ,FOSFATO DE OSELTAMIVIR 75MG,INFLUENZA,40000,ENTREGA REALIZADA,"2,6"
