Stasiun,Tanggal,Tn,Tx,Tavg,RR,Hari_hujan,Besok_hujan
Stasiun Meteorologi Nangapinoh,20-03-2010,20.3,31.1,25.8,108,1,1
Stasiun Meteorologi Maritim Tanjung Mas,07-03-2010,25,31.8,29.2,106,1,1
Stasiun Klimatologi Mempawah,09-01-2009,23.4,29.6,25.8,100.6,1,1
Stasiun Meteorologi Cilacap,09-01-2009,23.6,28,25.6,93.9,1,1
Stasiun Klimatologi Bogor,21-01-2009,21.1,29.4,25.5,93,1,1
Stasiun Meteorologi Maritim Tanjung Mas,14-01-2009,24,27,24.9,92.8,1,1
Stasiun Meteorologi Maritim Tanjung Mas,12-01-2010,25,30.6,27.4,89,1,1
 Stasiun Meteorologi Maritim Tanjung Mas,25-03-2010,25,32,28.3,82.2,1,1
Stasiun Meteorologi Maritim Tanjung Mas,13-03-2010,26.4,33.4,29.3,82,1,1
Stasiun Klimatologi Bogor,10-02-2010,21.8,33.2,25.8,81.2,1,1
Stasiun Meteorologi Cilacap,10-03-2010,24,32.9,27.5,79.9,1,1
Stasiun Meteorologi Maritim Tanjung Mas,25-01-2009,24.4,29.8,26.6,76.4,1,1
Stasiun Meteorologi Maritim Tanjung Mas,08-02-2009,23.4,28.1,26,75.4,1,1
Stasiun Klimatologi Bogor,11-02-2010,23.3,31.8,26.1,74,1,1
Stasiun Meteorologi Nangapinoh,21-02-2009,22.3,27.5,25.2,71,1,1
Stasiun Klimatologi Mempawah,19-02-2010,24.2,30.8,26.3,70,1,1
Stasiun Klimatologi Bogor,08-02-2010,22.3,31,26.2,69,1,1
Stasiun Meteorologi Maritim Tanjung Mas,29-01-2010,25.4,30.6,27.6,67.8,1,1
Stasiun Meteorologi Cilacap,14-02-2010,24,32,26.8,67.5,1,1
Stasiun Meteorologi Nangapinoh,27-01-2010,23.2,29.6,25.5,66.5,1,1
Stasiun Meteorologi Nangapinoh,05-01-2010,23,29.8,24.9,66,1,1
Stasiun Meteorologi Nangapinoh,23-01-2010,22,27.4,25,64.8,1,1
Stasiun Meteorologi Maritim Tanjung Mas,27-01-2010,25,30.2,26.7,64.8,1,1
Stasiun Meteorologi Maritim Tanjung Mas,20-02-2010,24.6,31.2,26.6,64.6,1,1
Stasiun Meteorologi Cilacap,18-02-2009,23.1,31.4,26.8,62.4,1,1
Stasiun Meteorologi Nangapinoh,12-02-2010,23.7,32.6,27.6,62,1,1
Stasiun Klimatologi Bogor,13-01-2009,22.2,24.7,23.6,59,1,1
Stasiun Klimatologi Bogor,13-01-2009,22.2,24.7,23.6,59,1,1
Stasiun Meteorologi Maritim Tanjung Mas,13-01-2009,23.6,26.2,24.7,58.6,1,1
Stasiun Meteorologi Nangapinoh,20-02-2009,22.2,32,25.8,56.9,1,1
Stasiun Meteorologi Cilacap,05-03-2010,24.4,32.6,27.6,56.3,1,1
Stasiun Meteorologi Nangapinoh,20-03-2009,23.4,32.7,26.5,56.1,1,1
 Stasiun Meteorologi Maritim Tanjung Mas,24-03-2010,24.2,32.8,28.2,56,1,1
Stasiun Meteorologi Maritim Tanjung Mas,09-02-2009,24,28,25.4,55.3,0,0
Stasiun Meteorologi Maritim Tanjung Mas,12-01-2009,23,29.5,27.3,54,0,0
Stasiun Meteorologi Nangapinoh,28-01-2010,23.2,33.6,27,53,1,1
Stasiun Meteorologi Cilacap,23-02-2009,24.5,31.7,27.1,53,1,1
Stasiun Meteorologi Maritim Tanjung Mas,13-02-2010,25.2,31.4,27.9,49.6,0,0
 Stasiun Meteorologi Nangapinoh,05-03-2010,23.6,30.3,26.7,49,1,1
Stasiun Klimatologi Bogor,10-01-2010,22.4,28.4,25.1,48.6,0,0
Stasiun Klimatologi Bogor,15-01-2010,21.6,28.2,24.1,48,0,0
Stasiun Klimatologi Mempawah,17-02-2010,24,32.2,26.4,47.5,1,1
 Stasiun Meteorologi Nangapinoh,03-03-2010,23.4,32.9,27.1,47,1,1
Stasiun Klimatologi Bogor,12-03-2010,22.8,30.6,26,45.2,1,1
Stasiun Meteorologi Nangapinoh,31-03-2010,22.9,33.2,27.1,45.2,1,1
Stasiun Meteorologi Nangapinoh,29-01-2010,23.2,27.8,24.9,45,0,0
Stasiun Meteorologi Cilacap,08-03-2010,24.1,32.7,28,44.2,1,1
 Stasiun Meteorologi Nangapinoh,14-03-2010,22.4,31.8,26.1,43.4,1,1
Stasiun Meteorologi Nangapinoh,14-03-2010,22.4,31.8,26.1,43.4,1,1
 Stasiun Meteorologi Nangapinoh,11-03-2010,22.4,29.6,25.6,42.6,1,1
Stasiun Klimatologi Bogor,04-03-2010,23.7,33.2,26.1,41.7,1,1
Stasiun Meteorologi Cilacap,10-01-2010,24,30.6,26.7,41.3,1,1
Stasiun Klimatologi Bogor,20-01-2009,21.7,29.2,25.3,40.8,1,1
Stasiun Klimatologi Bogor,17-02-2010,23.6,31.4,26,40.5,1,1
 Stasiun Klimatologi Bogor,16-03-2009,20.4,33.7,25.4,40.5,1,1
Stasiun Klimatologi Bogor,16-03-2009,20.4,33.7,25.4,40.5,1,1
Stasiun Klimatologi Bogor,19-02-2010,23.4,30,25.2,40,1,1
Stasiun Klimatologi Mempawah,09-03-2009,23.4,31.1,25.9,39.6,1,1
Stasiun Meteorologi Nangapinoh,14-01-2010,23.7,31.2,24.8,39.5,0,0
Stasiun Klimatologi Mempawah,20-03-2010,24.8,30.7,27.1,39,1,1
Stasiun Klimatologi Mempawah,18-02-2010,24.4,30.6,26.1,38.5,1,1
Stasiun Meteorologi Nangapinoh,21-01-2010,22.2,30.6,25.8,38.2,1,1
Stasiun Klimatologi Bogor,28-02-2009,22.6,28.4,25.5,37.5,1,1
Stasiun Klimatologi Mempawah,11-03-2010,23.6,30,26.3,37.2,1,1
Stasiun Meteorologi Cilacap,30-03-2009,25,31.2,26.9,37.2,1,1
Stasiun Meteorologi Nangapinoh,25-01-2010,21.9,29.4,24.3,37,0,0
 Stasiun Meteorologi Maritim Tanjung Mas,22-03-2010,25.2,32.2,28.7,36.4,0,0
Stasiun Meteorologi Nangapinoh,31-01-2009,22.5,30.7,25.2,36.3,1,1
Stasiun Klimatologi Bogor,15-01-2009,22.2,27.3,24.6,36.1,0,0
Stasiun Klimatologi Bogor,04-02-2009,21.6,25.7,23.9,35.7,0,0
Stasiun Klimatologi Bogor,10-02-2009,21.7,29.4,25.4,35.7,1,1
Stasiun Meteorologi Maritim Tanjung Mas,14-01-2010,25.2,29.5,27.1,35.6,0,0
Stasiun Klimatologi Bogor,07-02-2009,21.6,27.6,24.4,34.5,0,0
Stasiun Klimatologi Bogor,09-02-2010,23.8,33.2,25.8,34,1,1
Stasiun Meteorologi Maritim Tanjung Mas,15-01-2009,24.2,28.2,25.8,33.8,1,1
Stasiun Meteorologi Maritim Tanjung Mas,07-02-2009,23.8,28.1,26.9,33.4,1,1
Stasiun Klimatologi Bogor,14-01-2009,21.9,26.8,23.8,33,0,0
 Stasiun Meteorologi Nangapinoh,17-02-2010,23.4,31.3,26.8,32.4,1,1
Stasiun Meteorologi Cilacap,24-02-2009,24.4,31.5,26.7,32.2,1,1
Stasiun Klimatologi Mempawah,11-01-2009,22.7,26.6,24.3,32.2,0,0
Stasiun Meteorologi Cilacap,15-03-2010,25,32.4,27,32,1,1
Stasiun Meteorologi Nangapinoh,24-03-2009,22.4,33.4,26.2,31.8,1,1
Stasiun Meteorologi Maritim Tanjung Mas,06-03-2009,25,31.8,27.2,31.8,1,1
Stasiun Meteorologi Maritim Tanjung Mas,17-01-2010,24.8,29.2,27.6,31,1,1
Stasiun Klimatologi Mempawah,22-02-2010,23.8,30.7,27,31,1,1
Stasiun Meteorologi Maritim Tanjung Mas,05-01-2009,25,31,26.8,31,1,1
Stasiun Meteorologi Maritim Tanjung Mas,21-01-2009,24.6,29.8,27.3,30.6,1,1
Stasiun Klimatologi Bogor,08-03-2010,22.6,32.2,25.8,30.6,1,1
Stasiun Meteorologi Cilacap,20-01-2010,24.6,32.6,28.3,30.4,1,1
Stasiun Meteorologi Cilacap,20-01-2010,24.6,32.6,28.3,30.4,1,1
 Stasiun Klimatologi Bogor,23-03-2009,22,31.8,25.1,30.2,1,1
Stasiun Klimatologi Bogor,23-03-2009,22,31.8,25.1,30.2,1,1
 Stasiun Meteorologi Nangapinoh,20-02-2010,22,29.4,25.1,30,1,1
Stasiun Meteorologi Nangapinoh,02-01-2010,23.5,32.2,26.9,30,1,1
Stasiun Meteorologi Maritim Tanjung Mas,04-02-2009,23.7,28.8,26.2,29.9,1,1
Stasiun Klimatologi Mempawah,04-01-2010,24.1,30.8,26.8,29.6,1,1
Stasiun Meteorologi Cilacap,06-03-2009,23.5,31.6,27.1,29.6,1,1
Stasiun Meteorologi Cilacap,30-01-2010,24.8,32.2,28.1,29.5,1,1
Stasiun Meteorologi Cilacap,26-02-2009,25,31.4,27.3,29.5,1,1
Stasiun Meteorologi Cilacap,27-02-2009,23.9,31.8,27.5,29.5,1,1
Stasiun Meteorologi Cilacap,30-01-2010,24.8,32.2,28.1,29.5,1,1
Stasiun Meteorologi Maritim Tanjung Mas,11-02-2010,23.4,32.6,29.3,29.4,1,1
Stasiun Meteorologi Nangapinoh,26-01-2009,23.6,32.4,27.1,29.3,1,1
Stasiun Meteorologi Maritim Tanjung Mas,06-01-2010,25,31.4,27.7,28.9,1,1
 Stasiun Meteorologi Nangapinoh,09-03-2010,23.7,30.2,26.1,28.5,1,1
Stasiun Meteorologi Nangapinoh,22-03-2009,22.8,29.6,25.2,28.5,1,1
Stasiun Klimatologi Bogor,23-02-2009,21.4,30.4,24.8,28.2,0,0
 Stasiun Meteorologi Nangapinoh,02-03-2010,23.5,33.8,27.3,27.5,1,1
Stasiun Meteorologi Nangapinoh,01-01-2010,23,31.3,25.6,27.5,1,1
 Stasiun Klimatologi Bogor,27-03-2009,20.3,32.8,24.4,26.9,0,0
Stasiun Meteorologi Cilacap,30-03-2010,24.6,29.5,26.6,26.9,1,1
Stasiun Meteorologi Cilacap,21-03-2009,24.8,31.7,26.3,26.9,1,1
Stasiun Klimatologi Bogor,27-03-2009,20.3,32.8,24.4,26.9,0,0
 Stasiun Klimatologi Bogor,26-03-2009,21.8,32.2,24.7,26.8,0,0
Stasiun Klimatologi Bogor,26-03-2009,21.8,32.2,24.7,26.8,0,0
Stasiun Meteorologi Cilacap,14-03-2010,25,32.5,28.1,26.6,1,1
Stasiun Meteorologi Cilacap,14-03-2010,25,32.5,28.1,26.6,1,1
Stasiun Meteorologi Maritim Tanjung Mas,23-03-2009,24.4,32.5,27.6,26.3,1,1
Stasiun Meteorologi Nangapinoh,16-03-2009,23.4,32.7,26.9,26.2,1,1
Stasiun Klimatologi Bogor,02-02-2009,22.1,26.4,23.7,26,0,0
Stasiun Meteorologi Maritim Tanjung Mas,07-02-2010,24.4,30.4,27.7,26,1,1
Stasiun Meteorologi Nangapinoh,27-02-2009,22.8,32.8,26.6,25.7,1,1
Stasiun Klimatologi Mempawah,29-03-2009,22.2,31.4,26.1,25.5,1,1
Stasiun Meteorologi Cilacap,12-01-2010,25,31.4,27.5,25.4,1,1
Stasiun Klimatologi Bogor,03-03-2010,22,33.4,26.9,24.9,1,1
Stasiun Meteorologi Cilacap,23-03-2010,24.5,32.6,28.7,24.7,1,1
Stasiun Meteorologi Nangapinoh,03-02-2009,23.3,30,25.4,24.6,1,1
Stasiun Meteorologi Nangapinoh,03-02-2009,23.3,30,25.4,24.6,1,1
Stasiun Meteorologi Cilacap,19-02-2010,25.6,27.4,26.1,24.2,0,0
Stasiun Meteorologi Cilacap,02-01-2010,24.8,32,27.9,24.2,1,1
Stasiun Meteorologi Maritim Tanjung Mas,05-02-2010,25.2,31,28.3,23.1,0,0
Stasiun Klimatologi Bogor,20-02-2010,22.4,34.2,25.7,23.1,1,1
Stasiun Meteorologi Nangapinoh,21-03-2010,20.8,33.1,27.1,23.1,1,1
Stasiun Meteorologi Nangapinoh,30-01-2009,22.8,30.5,24.5,23,0,0
 Stasiun Meteorologi Nangapinoh,01-03-2010,23.6,32.2,27.2,23,1,1
 Stasiun Klimatologi Bogor,28-03-2009,23,31.7,26.1,23,1,1
Stasiun Klimatologi Bogor,28-03-2009,23,31.7,26.1,23,1,1
Stasiun Klimatologi Mempawah,18-03-2009,23,31,26.4,22.7,1,1
Stasiun Meteorologi Nangapinoh,25-01-2009,22.8,29.1,25.8,21.6,0,0
Stasiun Klimatologi Bogor,18-01-2010,22.6,31.1,26.1,21.6,1,1
Stasiun Klimatologi Bogor,11-03-2009,20.8,31.9,24.6,21.3,0,0
Stasiun Meteorologi Nangapinoh,15-01-2010,22.4,30,24.2,21.1,0,0
Stasiun Meteorologi Nangapinoh,10-03-2009,22.8,32.2,25.7,21,1,1
Stasiun Klimatologi Bogor,25-01-2009,22.2,30.8,25.1,20.4,1,1
Stasiun Meteorologi Maritim Tanjung Mas,18-01-2010,25,30.2,27.6,20.4,1,1
Stasiun Meteorologi Cilacap,23-01-2010,24.4,32,27.9,20.4,1,1
Stasiun Meteorologi Cilacap,23-01-2010,24.4,32,27.9,20.4,1,1
Stasiun Klimatologi Mempawah,19-03-2010,24,31.9,27.1,20.4,1,1
Stasiun Meteorologi Cilacap,29-01-2010,24.8,31.4,28.2,20.2,1,1
Stasiun Meteorologi Cilacap,29-01-2010,24.8,31.4,28.2,20.2,1,1
Stasiun Meteorologi Cilacap,28-03-2010,24.4,32.4,28.3,20.2,1,1
Stasiun Meteorologi Nangapinoh,18-03-2009,22.5,32.4,26.3,20.2,1,1
Stasiun Klimatologi Bogor,06-02-2009,21.6,31,23.7,20.1,0,0
Stasiun Meteorologi Maritim Tanjung Mas,06-02-2009,25.2,28.5,26.5,20,0,0
Stasiun Klimatologi Bogor,10-03-2009,21.6,31,24.8,20,0,0
Stasiun Meteorologi Maritim Tanjung Mas,03-02-2009,23.6,29,25.9,19.8,0,0
Stasiun Meteorologi Nangapinoh,16-03-2010,22.2,32.8,26.9,19.8,1,1
Stasiun Klimatologi Bogor,09-01-2009,22.1,27.4,24.7,19.7,0,0
Stasiun Klimatologi Bogor,03-02-2009,21.6,26.8,23.9,19.5,0,0
Stasiun Meteorologi Cilacap,22-03-2009,23.9,31.3,27.2,19.4,1,1
Stasiun Meteorologi Maritim Tanjung Mas,26-02-2009,25,30.2,27,19.2,1,1
Stasiun Meteorologi Nangapinoh,07-03-2009,23,30.1,26.1,19.2,1,1
Stasiun Klimatologi Mempawah,03-02-2009,23.4,29.1,25.7,19,1,1
Stasiun Klimatologi Mempawah,27-01-2010,23.8,30.7,26.7,19,1,1
Stasiun Klimatologi Mempawah,03-02-2009,23.4,29.1,25.7,19,1,1
 Stasiun Meteorologi Nangapinoh,12-03-2010,22.4,29.3,25.4,19,1,1
Stasiun Meteorologi Nangapinoh,24-03-2010,23.2,33.2,27.3,19,1,1
Stasiun Meteorologi Nangapinoh,27-01-2009,23.3,30.4,26.8,18.8,1,1
Stasiun Klimatologi Mempawah,11-02-2010,22.6,30.8,26.6,18.4,1,1
Stasiun Meteorologi Maritim Tanjung Mas,09-01-2009,23.4,28.5,26.6,18.3,1,1
Stasiun Meteorologi Nangapinoh,08-01-2010,23,31.1,26,18.1,1,1
Stasiun Meteorologi Nangapinoh,19-03-2010,22.2,32.7,27.3,17.5,1,1
Stasiun Meteorologi Cilacap,16-01-2010,24.4,31.8,27.6,17.4,1,1
Stasiun Meteorologi Cilacap,16-01-2010,24.4,31.8,27.6,17.4,1,1
Stasiun Meteorologi Cilacap,03-02-2009,24,30.6,26.3,17.2,1,1
Stasiun Meteorologi Nangapinoh,24-02-2009,23.2,31.6,26.4,17.2,1,1
Stasiun Klimatologi Mempawah,08-02-2010,23.7,30.8,26.8,17.1,1,1
Stasiun Meteorologi Maritim Tanjung Mas,28-02-2009,25.2,28.8,25.9,17,0,0
Stasiun Meteorologi Maritim Tanjung Mas,04-01-2010,25.3,32.2,28.1,17,0,0
Stasiun Klimatologi Mempawah,04-01-2009,24.2,29.1,25.9,16.7,1,1
 Stasiun Meteorologi Nangapinoh,14-02-2010,23.6,32.4,27.5,16.5,1,1
Stasiun Klimatologi Mempawah,11-03-2009,23.1,31.3,26.5,16.3,1,1
Stasiun Meteorologi Cilacap,07-02-2010,25,32.2,27.5,16.1,0,0
Stasiun Meteorologi Nangapinoh,29-03-2010,23.2,32.8,26.6,16.1,1,1
Stasiun Klimatologi Bogor,25-02-2010,23,29.6,24.8,15.8,0,0
Stasiun Meteorologi Nangapinoh,01-02-2010,22.5,32.4,26.1,15.6,1,1
Stasiun Klimatologi Mempawah,17-03-2010,24.9,31.4,27.3,15.6,0,0
Stasiun Meteorologi Maritim Tanjung Mas,22-02-2009,25,30,27.3,15.5,0,0
Stasiun Meteorologi Maritim Tanjung Mas,10-02-2009,24.6,28.4,26.6,15.3,0,0
Stasiun Klimatologi Mempawah,28-01-2009,23.4,29.9,25.4,15.3,0,0
Stasiun Meteorologi Nangapinoh,19-01-2010,23.6,31.4,26.3,15.2,1,1
Stasiun Klimatologi Bogor,02-02-2010,23.2,31.4,25.8,15.2,1,1
Stasiun Meteorologi Nangapinoh,18-01-2009,23.5,31.8,26.3,15.1,1,1
Stasiun Klimatologi Bogor,24-02-2009,22.1,30.1,25.4,15,1,1
 Stasiun Meteorologi Maritim Tanjung Mas,19-03-2010,25.2,31.8,28,14.8,0,0
Stasiun Klimatologi Mempawah,27-03-2010,24.1,31.2,27,14.7,1,1
 Stasiun Meteorologi Maritim Tanjung Mas,31-03-2010,25.2,30.8,27.2,14.5,0,0
Stasiun Klimatologi Mempawah,20-02-2010,24.2,28.3,26,14.3,0,0
Stasiun Klimatologi Mempawah,05-01-2009,23.9,30.8,26.7,14.3,1,1
Stasiun Meteorologi Cilacap,20-03-2010,25,31.2,28.5,14.2,1,1
Stasiun Meteorologi Nangapinoh,16-01-2010,22.5,30.4,25.5,14,1,1
Stasiun Meteorologi Cilacap,26-03-2009,23.8,31.6,27.3,14,1,1
Stasiun Klimatologi Bogor,06-03-2009,22.8,31.8,26.3,13.8,1,1
Stasiun Klimatologi Bogor,25-01-2010,22.2,29.8,25.4,13.5,0,0
Stasiun Klimatologi Bogor,14-01-2010,22.2,28.2,23.1,13.4,0,0
Stasiun Klimatologi Bogor,14-01-2010,22.2,28.2,23.1,13.4,0,0
Stasiun Klimatologi Bogor,12-01-2010,23.2,28.7,25.2,13.3,0,0
Stasiun Klimatologi Mempawah,01-01-2009,24.2,30.4,26.6,13.3,1,1
Stasiun Klimatologi Bogor,11-03-2010,23.2,29.7,25.1,13.2,0,0
Stasiun Klimatologi Mempawah,06-01-2010,22.8,30.4,26.2,13.2,1,1
Stasiun Meteorologi Maritim Tanjung Mas,01-02-2009,24,28.8,25.8,12.9,0,0
Stasiun Klimatologi Bogor,16-01-2009,21.8,27.9,24.3,12.8,0,0
Stasiun Meteorologi Maritim Tanjung Mas,05-03-2009,23.6,32.6,27.2,12.8,1,1
Stasiun Meteorologi Maritim Tanjung Mas,31-01-2009,23.8,29,26.4,12.7,0,0
Stasiun Meteorologi Cilacap,28-01-2010,25,32.5,28.4,12.6,1,1
Stasiun Meteorologi Cilacap,28-01-2010,25,32.5,28.4,12.6,1,1
Stasiun Klimatologi Mempawah,02-02-2009,23.2,28.5,24.7,12.5,0,0
Stasiun Klimatologi Mempawah,02-02-2009,23.2,28.5,24.7,12.5,0,0
 Stasiun Meteorologi Nangapinoh,22-02-2010,21.5,31.3,26.3,12.5,1,1
Stasiun Meteorologi Nangapinoh,31-01-2010,23.1,32.2,25.5,12.4,1,1
Stasiun Meteorologi Maritim Tanjung Mas,28-03-2009,26,32,28.4,12.4,0,0
Stasiun Meteorologi Nangapinoh,04-03-2009,24,28.8,26.1,12.3,0,0
Stasiun Meteorologi Cilacap,02-02-2010,24.4,32,27.5,12.2,1,1
 Stasiun Meteorologi Maritim Tanjung Mas,30-03-2010,24.8,31,27.4,12.2,1,1
Stasiun Meteorologi Cilacap,02-01-2009,25.4,31.4,27.1,12.1,0,0
Stasiun Meteorologi Cilacap,11-03-2010,24,31.6,27.5,12,1,1
Stasiun Klimatologi Bogor,05-02-2009,21.7,26.2,23.6,11.7,0,0
Stasiun Meteorologi Maritim Tanjung Mas,19-01-2009,25,27.5,25.9,11.6,0,0
 Stasiun Klimatologi Bogor,29-03-2009,23.2,30.4,25.5,11.4,1,1
Stasiun Meteorologi Maritim Tanjung Mas,02-01-2009,24.3,31,27.3,11.4,1,1
Stasiun Klimatologi Bogor,29-03-2009,23.2,30.4,25.5,11.4,1,1
Stasiun Meteorologi Cilacap,02-03-2010,26.2,32.8,29.5,11.3,0,0
Stasiun Meteorologi Nangapinoh,15-02-2009,22.4,29.7,25.6,11.3,1,1
Stasiun Klimatologi Bogor,12-01-2009,21.4,27.2,23.3,11.2,0,0
 Stasiun Klimatologi Bogor,30-03-2009,20.6,31,25,11.2,1,1
Stasiun Meteorologi Maritim Tanjung Mas,01-03-2009,25.2,29.6,27.6,11.2,0,0
Stasiun Klimatologi Bogor,30-03-2009,20.6,31,25,11.2,1,1
Stasiun Klimatologi Bogor,08-02-2009,22.3,27.4,24.3,11,0,0
Stasiun Klimatologi Bogor,24-01-2010,22.4,31.3,25.5,11,1,1
Stasiun Klimatologi Bogor,31-01-2010,23.8,29,25.5,11,0,0
 Stasiun Meteorologi Nangapinoh,16-02-2010,23.6,31.4,26,11,1,1
Stasiun Klimatologi Bogor,19-01-2009,22.8,27.7,25,10.7,0,0
Stasiun Klimatologi Bogor,22-01-2009,22,30.2,26,10.7,1,1
Stasiun Klimatologi Bogor,29-01-2009,23,30.4,25.7,10.7,1,1
Stasiun Klimatologi Bogor,13-02-2009,21.4,30,25.7,10.7,1,1
Stasiun Meteorologi Cilacap,04-02-2009,23.6,30.1,26,10.7,1,1
Stasiun Meteorologi Cilacap,05-02-2009,23.8,31,26.3,10.7,1,1
Stasiun Meteorologi Cilacap,06-02-2009,23.9,31.4,27.3,10.7,1,1
Stasiun Meteorologi Nangapinoh,13-01-2009,23.2,31.2,26.8,10.7,1,1
Stasiun Meteorologi Nangapinoh,09-02-2009,23,32.5,27.3,10.7,1,1
Stasiun Klimatologi Mempawah,15-01-2009,24,29.8,26.1,10.7,0,0
Stasiun Klimatologi Mempawah,17-01-2009,24.2,30,26,10.7,1,1
Stasiun Klimatologi Mempawah,25-01-2009,24.3,29.9,25.7,10.7,0,0
Stasiun Klimatologi Mempawah,01-02-2009,23.3,31,25.6,10.7,1,1
Stasiun Klimatologi Mempawah,05-02-2009,22.7,30.5,25.8,10.7,1,1
Stasiun Klimatologi Mempawah,15-01-2010,23.2,30.4,26.5,10.7,1,1
Stasiun Klimatologi Mempawah,23-01-2010,23.6,31.9,26.6,10.7,1,1
Stasiun Klimatologi Mempawah,24-01-2010,23.9,31.7,27.5,10.7,1,1
Stasiun Klimatologi Mempawah,28-01-2010,23.5,34.2,27.5,10.7,1,1
Stasiun Klimatologi Mempawah,12-02-2010,25.5,30.8,27.1,10.7,0,0
Stasiun Meteorologi Nangapinoh,22-01-2010,22.3,33.6,25.2,10.7,1,1
Stasiun Meteorologi Nangapinoh,26-01-2010,22.7,33.3,27.5,10.7,1,1
Stasiun Meteorologi Nangapinoh,03-02-2010,22.8,32,26.5,10.7,1,1
Stasiun Meteorologi Nangapinoh,08-02-2010,22,33.8,27.7,10.7,1,1
Stasiun Klimatologi Mempawah,01-02-2009,23.3,31,25.6,10.7,1,1
Stasiun Klimatologi Mempawah,05-02-2009,22.7,30.5,25.8,10.7,1,1
Stasiun Meteorologi Cilacap,26-01-2010,24.4,32.8,27.8,10.7,1,1
Stasiun Meteorologi Cilacap,08-02-2010,25.2,32.5,27.4,10.7,0,0
Stasiun Meteorologi Cilacap,11-02-2010,24,32.6,29.3,10.7,1,1
Stasiun Klimatologi Bogor,01-02-2010,24.4,31.8,25.6,10.7,1,1
Stasiun Klimatologi Bogor,12-02-2010,23.8,32.6,26.7,10.7,1,1
Stasiun Meteorologi Cilacap,17-02-2010,25.5,32.2,27.9,10.7,0,0
Stasiun Meteorologi Cilacap,18-02-2010,25.6,32.2,28,10.7,0,0
Stasiun Meteorologi Cilacap,20-02-2010,24,30.8,26.9,10.7,1,1
Stasiun Meteorologi Cilacap,27-02-2010,25.6,33.2,28.9,10.7,0,0
Stasiun Meteorologi Cilacap,04-03-2010,26.2,32.7,29.1,10.7,0,0
Stasiun Meteorologi Cilacap,07-03-2010,26,33.6,29.1,10.7,0,0
Stasiun Klimatologi Mempawah,16-02-2010,25.1,30.6,27.1,10.7,0,0
Stasiun Klimatologi Mempawah,23-02-2010,24.2,33,27.9,10.7,1,1
Stasiun Klimatologi Mempawah,28-02-2010,26.3,31.8,28.7,10.7,0,0
Stasiun Klimatologi Bogor,14-02-2009,21.6,31.5,26.5,10.7,1,1
Stasiun Klimatologi Bogor,19-02-2009,23.2,31.8,25.8,10.7,1,1
Stasiun Klimatologi Bogor,25-02-2009,22.3,30.8,26.6,10.7,1,1
 Stasiun Klimatologi Bogor,14-03-2009,22.6,31.3,25.1,10.7,1,1
 Stasiun Klimatologi Bogor,31-03-2009,20.5,32.6,26.2,10.7,1,1
Stasiun Klimatologi Bogor,02-01-2010,24,32.8,26.5,10.7,1,1
Stasiun Meteorologi Cilacap,22-02-2009,24.6,31.4,27.4,10.7,0,0
Stasiun Meteorologi Cilacap,26-01-2010,24.4,32.8,27.8,10.7,0,0
Stasiun Meteorologi Cilacap,18-03-2010,24.7,32.5,28.3,10.7,0,0
Stasiun Meteorologi Nangapinoh,25-03-2010,23.4,33.2,28,10.7,1,1
Stasiun Klimatologi Mempawah,03-01-2009,25.2,29.9,26.9,10.7,0,0
Stasiun Klimatologi Mempawah,12-01-2009,23.8,30.5,26.9,10.7,1,1
Stasiun Klimatologi Mempawah,24-02-2009,23.2,30.8,26,10.7,1,1
Stasiun Klimatologi Mempawah,26-02-2009,23.6,31,26.5,10.7,1,1
Stasiun Klimatologi Mempawah,29-03-2010,23.9,31.8,27,10.7,1,1
Stasiun Klimatologi Mempawah,31-03-2010,24.2,31.8,27.7,10.7,1,1
Stasiun Meteorologi Nangapinoh,09-02-2009,23,32.5,27.3,10.7,1,1
Stasiun Meteorologi Nangapinoh,08-03-2009,22.7,31.4,26,10.7,1,1
Stasiun Meteorologi Nangapinoh,12-03-2009,22.8,32.4,27,10.7,1,1
Stasiun Meteorologi Nangapinoh,17-03-2009,22.3,30.6,25.7,10.7,1,1
Stasiun Meteorologi Nangapinoh,23-03-2009,21.9,33.2,27.1,10.7,1,1
Stasiun Meteorologi Nangapinoh,27-03-2009,22.6,34,26.9,10.7,1,1
Stasiun Meteorologi Nangapinoh,28-03-2009,22.3,31.5,26.9,10.7,1,1
Stasiun Meteorologi Nangapinoh,31-03-2009,23.8,27.5,26.1,10.7,0,0
Stasiun Klimatologi Mempawah,13-03-2009,23.6,31.5,26.7,10.7,1,1
Stasiun Klimatologi Mempawah,25-03-2009,23.2,31.7,26.9,10.7,1,1
Stasiun Meteorologi Cilacap,12-03-2009,24.6,31.8,28.2,10.7,1,1
Stasiun Meteorologi Cilacap,20-03-2009,25.2,33.2,28.6,10.7,0,0
Stasiun Klimatologi Bogor,04-03-2009,22.6,32,27,10.7,1,1
Stasiun Klimatologi Bogor,08-03-2009,22.2,32.6,26.9,10.7,1,1
Stasiun Klimatologi Bogor,12-03-2009,20.8,31.7,25.9,10.7,1,1
Stasiun Klimatologi Bogor,14-03-2009,22.6,31.3,25.1,10.7,1,1
Stasiun Klimatologi Bogor,31-03-2009,20.5,32.6,26.2,10.7,1,1
Stasiun Klimatologi Bogor,31-01-2009,22.4,27.8,24.7,10.6,0,0
Stasiun Klimatologi Mempawah,10-02-2010,25,27.2,25.1,10.6,0,0
Stasiun Meteorologi Cilacap,22-02-2010,24.4,31.6,27.8,10.5,1,1
Stasiun Meteorologi Cilacap,21-03-2010,26,32.4,27.7,10.5,0,0
Stasiun Meteorologi Cilacap,01-02-2009,24.2,31.4,27.1,10.3,1,1
Stasiun Meteorologi Cilacap,21-02-2010,24.4,32.8,28.2,10.3,1,1
Stasiun Meteorologi Nangapinoh,19-01-2009,24,29,25.7,10.2,1,1
Stasiun Klimatologi Bogor,08-01-2010,22.4,29.7,24.7,10.2,0,0
Stasiun Klimatologi Bogor,05-02-2010,23.4,30.8,25.7,10,1,1
Stasiun Klimatologi Bogor,14-02-2010,23.7,29.8,25.3,9.9,0,0
Stasiun Meteorologi Cilacap,19-02-2009,23.9,32.5,27.1,9.8,0,0
Stasiun Meteorologi Cilacap,28-03-2009,24.6,31.9,27.2,9.7,0,0
Stasiun Klimatologi Bogor,09-03-2010,23.2,32.1,25.8,9.6,0,0
Stasiun Klimatologi Mempawah,15-03-2009,23.5,31,26.6,9.6,0,0
Stasiun Klimatologi Mempawah,24-01-2009,25.1,29,26.3,9.5,0,0
Stasiun Klimatologi Bogor,09-02-2009,22.4,27.8,25.1,9.4,0,0
Stasiun Meteorologi Maritim Tanjung Mas,31-01-2010,25,30,27.5,9.4,0,0
Stasiun Klimatologi Mempawah,22-03-2010,23.9,31.6,27.3,9.4,0,0
Stasiun Meteorologi Maritim Tanjung Mas,01-01-2009,24,31,27.2,9.3,0,0
Stasiun Klimatologi Mempawah,25-02-2009,23.8,31,26.3,9.2,0,0
Stasiun Klimatologi Mempawah,06-03-2009,25.5,31.2,28,9.1,0,0
Stasiun Meteorologi Maritim Tanjung Mas,02-02-2009,24.4,28.2,25,9,0,0
Stasiun Meteorologi Maritim Tanjung Mas,25-02-2010,26,30.8,28.3,9,0,0
Stasiun Meteorologi Maritim Tanjung Mas,09-01-2010,24.6,29.6,27.3,9,0,0
Stasiun Meteorologi Nangapinoh,28-01-2009,23.5,31.8,26.8,8.7,0,0
 Stasiun Klimatologi Bogor,15-03-2009,21.7,32.2,25.2,8.7,0,0
Stasiun Meteorologi Maritim Tanjung Mas,27-02-2009,24.8,31,27.5,8.7,0,0
Stasiun Klimatologi Bogor,15-03-2009,21.7,32.2,25.2,8.7,0,0
Stasiun Meteorologi Maritim Tanjung Mas,27-01-2009,24.2,29.2,27.3,8.6,0,0
Stasiun Meteorologi Cilacap,19-01-2010,23.8,31.3,28,8.5,0,0
Stasiun Klimatologi Bogor,28-01-2010,21.8,30.8,25.1,8.5,0,0
Stasiun Meteorologi Cilacap,19-01-2010,23.8,31.3,28,8.5,0,0
Stasiun Meteorologi Nangapinoh,06-01-2010,22,31.1,25.7,8.5,0,0
Stasiun Klimatologi Mempawah,28-03-2009,24.6,29.8,26.2,8.5,0,0
Stasiun Klimatologi Bogor,01-03-2009,22.8,30,26.4,8.5,0,0
Stasiun Meteorologi Cilacap,19-03-2010,25,31.8,28,8.4,0,0
Stasiun Klimatologi Mempawah,18-01-2010,24.4,30.6,26.6,8.3,0,0
Stasiun Klimatologi Bogor,24-02-2010,24.2,32,26.5,8.3,0,0
Stasiun Meteorologi Cilacap,28-02-2010,25.6,32.8,28.8,8.2,0,0
Stasiun Meteorologi Cilacap,15-02-2010,23.9,31.2,27.5,8.1,0,0
Stasiun Meteorologi Nangapinoh,09-03-2009,22.7,32,26.6,8.1,0,0
Stasiun Meteorologi Cilacap,13-03-2009,23.9,32,27,7.9,0,0
Stasiun Klimatologi Bogor,05-03-2010,23.2,30.4,25.9,7.8,0,0
Stasiun Meteorologi Maritim Tanjung Mas,16-01-2009,24.8,29.5,27.2,7.7,0,0
Stasiun Meteorologi Cilacap,10-02-2010,24.2,32.2,28.1,7.7,0,0
Stasiun Klimatologi Mempawah,18-01-2009,23.8,31,26.9,7.5,0,0
Stasiun Meteorologi Cilacap,02-02-2009,23.4,28.6,25.5,7.3,0,0
Stasiun Klimatologi Mempawah,26-01-2010,23,31.4,26,7.2,0,0
Stasiun Klimatologi Bogor,11-01-2010,22.8,32.1,26,7.2,0,0
Stasiun Meteorologi Cilacap,22-03-2010,25.4,31.3,28.1,7.2,0,0
Stasiun Meteorologi Maritim Tanjung Mas,12-02-2009,24.2,29.6,26.9,7.1,0,0
Stasiun Meteorologi Cilacap,21-01-2010,24.2,30,26.3,7.1,0,0
Stasiun Meteorologi Cilacap,21-01-2010,24.2,30,26.3,7.1,0,0
Stasiun Meteorologi Nangapinoh,28-03-2010,23.5,31.6,26.2,7.1,0,0
Stasiun Klimatologi Bogor,13-01-2010,23,27.2,24.4,7,0,0
Stasiun Klimatologi Mempawah,01-03-2010,25,31.4,27.7,7,0,0
Stasiun Klimatologi Bogor,13-01-2010,23,27.2,24.4,7,0,0
Stasiun Klimatologi Mempawah,16-02-2009,23.7,31.5,26.8,7,0,0
Stasiun Klimatologi Bogor,01-03-2010,23.4,32.4,26.3,6.9,0,0
Stasiun Meteorologi Nangapinoh,01-02-2009,22.8,28,24.7,6.8,0,0
 Stasiun Klimatologi Bogor,24-03-2009,21.2,32.4,25.9,6.8,0,0
Stasiun Meteorologi Maritim Tanjung Mas,06-01-2009,25.4,31.2,27.9,6.8,0,0
Stasiun Klimatologi Mempawah,02-01-2010,23.6,29.3,25.8,6.8,0,0
Stasiun Meteorologi Nangapinoh,01-02-2009,22.8,28,24.7,6.8,0,0
Stasiun Klimatologi Bogor,24-03-2009,21.2,32.4,25.9,6.8,0,0
Stasiun Meteorologi Maritim Tanjung Mas,26-01-2009,25.4,30.5,27.2,6.7,0,0
Stasiun Klimatologi Bogor,15-02-2010,23.2,32.6,26,6.7,0,0
Stasiun Meteorologi Maritim Tanjung Mas,19-01-2010,25,29.2,26.7,6.5,0,0
Stasiun Meteorologi Maritim Tanjung Mas,12-02-2010,25.1,32.4,29.4,6.5,0,0
Stasiun Klimatologi Bogor,23-02-2010,23.6,33.1,26.5,6.5,0,0
Stasiun Klimatologi Bogor,14-03-2010,23.4,32.6,26.1,6.5,0,0
Stasiun Meteorologi Cilacap,11-01-2010,23.8,31.8,27.9,6.5,0,0
Stasiun Meteorologi Maritim Tanjung Mas,15-01-2010,25,29.8,26.8,6.4,0,0
Stasiun Klimatologi Mempawah,01-01-2010,24,30.4,26.6,6.4,0,0
Stasiun Meteorologi Nangapinoh,06-02-2010,22,33.2,26.7,6.3,0,0
 Stasiun Meteorologi Maritim Tanjung Mas,18-03-2010,24.8,31,28,6,0,0
Stasiun Meteorologi Maritim Tanjung Mas,16-02-2010,26,31,28.2,5.9,0,0
Stasiun Meteorologi Nangapinoh,30-01-2010,23.3,31.9,26,5.8,0,0
Stasiun Klimatologi Bogor,29-01-2010,23,31.4,26.5,5.8,0,0
Stasiun Meteorologi Maritim Tanjung Mas,05-03-2010,25.2,29,26.3,5.8,0,0
Stasiun Meteorologi Nangapinoh,01-03-2009,23.4,31,26.1,5.7,0,0
Stasiun Klimatologi Bogor,02-01-2009,22.3,32.1,25.8,5.6,0,0
Stasiun Meteorologi Maritim Tanjung Mas,22-02-2010,26,31,28.5,5.5,0,0
Stasiun Meteorologi Maritim Tanjung Mas,25-01-2010,25,30,27.1,5.4,0,0
Stasiun Meteorologi Cilacap,01-03-2010,24.8,32.5,28.8,5.4,0,0
Stasiun Klimatologi Bogor,13-03-2009,21.8,31.7,26.1,5.4,0,0
Stasiun Klimatologi Bogor,13-02-2010,23.8,27.4,25.1,5.3,0,0
 Stasiun Meteorologi Nangapinoh,18-02-2010,23.2,31.6,26.7,5.3,0,0
 Stasiun Meteorologi Nangapinoh,19-02-2010,23.2,32.4,27.8,5.3,0,0
Stasiun Meteorologi Nangapinoh,14-02-2009,22.2,31.7,25.2,5.2,0,0
Stasiun Meteorologi Maritim Tanjung Mas,13-03-2009,25.4,30.8,27.9,5.2,0,0
Stasiun Klimatologi Mempawah,23-02-2009,24.5,30.6,26.3,5.1,0,0
Stasiun Meteorologi Maritim Tanjung Mas,07-01-2010,24.8,31.6,27.5,5,0,0
Stasiun Meteorologi Nangapinoh,11-01-2010,24.1,32.3,26.9,5,0,0
Stasiun Klimatologi Bogor,18-02-2010,24.3,29.8,26.1,4.8,0,0
Stasiun Klimatologi Bogor,21-02-2009,22,30.5,24.7,4.7,0,0
 Stasiun Meteorologi Maritim Tanjung Mas,26-03-2010,25.6,31.4,27.9,4.7,0,0
Stasiun Meteorologi Nangapinoh,17-03-2010,22.2,32.3,27.1,4.7,0,0
Stasiun Klimatologi Bogor,23-01-2010,22.4,31.6,25.1,4.6,0,0
Stasiun Klimatologi Bogor,22-02-2009,21.2,31.3,24.4,4.6,0,0
 Stasiun Klimatologi Bogor,20-03-2009,20.6,32.2,25.6,4.6,0,0
Stasiun Klimatologi Bogor,20-03-2009,20.6,32.2,25.6,4.6,0,0
Stasiun Meteorologi Nangapinoh,05-02-2009,21.7,28.2,25,4.5,0,0
Stasiun Klimatologi Mempawah,30-01-2009,22.8,30.3,25.8,4.5,0,0
Stasiun Klimatologi Mempawah,06-02-2010,23.4,31.6,27.2,4.5,0,0
Stasiun Klimatologi Bogor,04-02-2010,23.6,31.3,25.6,4.5,0,0
Stasiun Meteorologi Nangapinoh,05-02-2009,21.7,28.2,25,4.5,0,0
Stasiun Klimatologi Bogor,17-01-2009,22.4,28.8,25.1,4.4,0,0
Stasiun Meteorologi Cilacap,27-03-2010,25.4,31.6,28.2,4.4,0,0
Stasiun Meteorologi Cilacap,03-01-2009,24.2,31.6,27.9,4.3,0,0
Stasiun Klimatologi Bogor,07-02-2010,22.5,32.9,24.9,4.2,0,0
Stasiun Meteorologi Cilacap,25-02-2010,24.3,32.8,28.5,4.2,0,0
Stasiun Klimatologi Mempawah,15-03-2010,24.8,32,28,4.2,0,0
Stasiun Meteorologi Cilacap,31-03-2010,24.8,30.5,27.4,4.1,0,0
Stasiun Meteorologi Maritim Tanjung Mas,28-01-2009,25.4,29.3,27.1,4,0,0
Stasiun Klimatologi Mempawah,29-01-2010,25,31.4,27.5,4,0,0
Stasiun Meteorologi Cilacap,07-01-2010,24.4,31.8,27.3,4,0,0
Stasiun Meteorologi Nangapinoh,27-03-2010,23.5,31.8,27.3,4,0,0
Stasiun Klimatologi Mempawah,10-01-2009,24.2,28,25.1,4,0,0
Stasiun Meteorologi Maritim Tanjung Mas,09-03-2009,24.2,31.4,27.4,4,0,0
Stasiun Klimatologi Mempawah,02-02-2010,24.6,30.8,27.6,3.9,0,0
Stasiun Klimatologi Bogor,21-01-2010,22.3,31,25.5,3.8,0,0
Stasiun Klimatologi Bogor,06-01-2010,23.4,31.6,25.9,3.8,0,0
Stasiun Meteorologi Cilacap,25-03-2010,25.4,32.6,29.3,3.7,0,0
Stasiun Klimatologi Mempawah,06-01-2009,24.8,31,27,3.7,0,0
Stasiun Meteorologi Maritim Tanjung Mas,15-02-2009,24.7,30,26.8,3.6,0,0
Stasiun Meteorologi Cilacap,03-03-2009,25,33.1,28.1,3.6,0,0
Stasiun Meteorologi Maritim Tanjung Mas,28-01-2010,24,30.6,26.7,3.5,0,0
Stasiun Meteorologi Cilacap,26-02-2010,24.5,32.6,28.7,3.5,0,0
Stasiun Meteorologi Maritim Tanjung Mas,10-03-2010,25.6,31.8,27.7,3.5,0,0
Stasiun Klimatologi Mempawah,15-02-2010,24.3,28.8,26.3,3.5,0,0
Stasiun Meteorologi Nangapinoh,23-01-2009,24,30.2,26.3,3.4,0,0
Stasiun Meteorologi Nangapinoh,18-01-2010,22.3,31.3,26.4,3.3,0,0
Stasiun Meteorologi Maritim Tanjung Mas,24-02-2010,26.1,29.8,27.6,3.3,0,0
Stasiun Meteorologi Nangapinoh,17-01-2009,23.7,26.5,24.8,3.1,0,0
Stasiun Klimatologi Mempawah,14-01-2010,24.4,29.8,26.5,3.1,0,0
Stasiun Klimatologi Bogor,10-03-2010,23.7,30.1,26.3,3.1,0,0
Stasiun Meteorologi Maritim Tanjung Mas,11-01-2009,24,30,26.3,3.1,0,0
Stasiun Klimatologi Mempawah,13-02-2010,23.7,31.2,25.9,3,0,0
Stasiun Meteorologi Nangapinoh,17-01-2010,22.4,32.6,27.4,3,0,0
Stasiun Klimatologi Bogor,16-01-2010,22.7,26.6,24.3,3,0,0
Stasiun Meteorologi Maritim Tanjung Mas,11-03-2010,24.8,31,26.8,3,0,0
 Stasiun Meteorologi Nangapinoh,24-02-2010,21.4,33.6,26.2,3,0,0
Stasiun Klimatologi Bogor,07-01-2010,23,32.2,25.5,3,0,0
Stasiun Meteorologi Cilacap,15-01-2010,24,33,26.4,2.9,0,0
Stasiun Klimatologi Bogor,20-01-2010,22.4,28.3,23.9,2.9,0,0
Stasiun Meteorologi Cilacap,15-01-2010,24,33,26.4,2.9,0,0
Stasiun Meteorologi Nangapinoh,13-03-2009,23.1,31.6,25.9,2.9,0,0
Stasiun Klimatologi Bogor,16-02-2010,23.6,31.5,25.6,2.8,0,0
Stasiun Klimatologi Bogor,03-01-2010,24.1,31.3,27,2.8,0,0
Stasiun Klimatologi Mempawah,07-03-2009,24.6,32.4,27.2,2.8,0,0
Stasiun Meteorologi Nangapinoh,13-02-2010,23.8,29.2,25.6,2.6,0,0
Stasiun Klimatologi Bogor,17-01-2010,22.6,27.6,24.2,2.6,0,0
Stasiun Klimatologi Mempawah,16-03-2010,24.3,31.9,27,2.6,0,0
Stasiun Meteorologi Nangapinoh,14-03-2009,23.1,29.7,25.3,2.6,0,0
Stasiun Meteorologi Cilacap,07-02-2009,24.5,32.4,27.6,2.5,0,0
Stasiun Meteorologi Cilacap,03-02-2010,24.8,31.5,28,2.5,0,0
Stasiun Klimatologi Bogor,19-01-2010,23,29.8,25.3,2.5,0,0
Stasiun Klimatologi Bogor,26-02-2010,22.3,33.4,26.4,2.5,0,0
Stasiun Klimatologi Mempawah,13-03-2010,25.3,31.2,27.6,2.5,0,0
Stasiun Meteorologi Cilacap,10-01-2009,23.6,29.7,26.1,2.5,0,0
Stasiun Klimatologi Mempawah,08-03-2009,23.9,31.4,26.4,2.5,0,0
Stasiun Klimatologi Bogor,12-02-2009,21.4,29.9,25.2,2.4,0,0
Stasiun Meteorologi Maritim Tanjung Mas,23-01-2010,25.6,30.6,27.2,2.4,0,0
Stasiun Meteorologi Maritim Tanjung Mas,21-02-2010,23.8,31,27.7,2.4,0,0
Stasiun Klimatologi Mempawah,14-02-2010,23.4,31.6,27,2.4,0,0
Stasiun Meteorologi Cilacap,09-03-2009,24.8,31,27.1,2.4,0,0
Stasiun Klimatologi Bogor,26-01-2009,22.3,28.7,24.9,2.3,0,0
Stasiun Meteorologi Cilacap,11-02-2009,24.8,30.3,27.3,2.3,0,0
Stasiun Meteorologi Maritim Tanjung Mas,20-01-2010,24.8,31,27.3,2.3,0,0
Stasiun Meteorologi Maritim Tanjung Mas,30-01-2010,25.2,29.8,27.7,2.3,0,0
Stasiun Klimatologi Bogor,16-02-2009,22.6,28.6,25.1,2.3,0,0
Stasiun Meteorologi Cilacap,02-03-2009,25,33.2,28.7,2.3,0,0
Stasiun Meteorologi Cilacap,13-01-2010,24.4,32.6,27.6,2.2,0,0
Stasiun Meteorologi Cilacap,25-01-2010,25.4,31.2,27.3,2.2,0,0
Stasiun Meteorologi Cilacap,13-01-2010,24.4,32.6,27.6,2.2,0,0
Stasiun Meteorologi Cilacap,25-01-2010,25.4,31.2,27.3,2.2,0,0
Stasiun Meteorologi Maritim Tanjung Mas,14-02-2009,24.7,30.2,27.2,2.2,0,0
Stasiun Meteorologi Cilacap,16-03-2009,24,31.8,27.5,2.2,0,0
Stasiun Meteorologi Nangapinoh,15-01-2009,23.2,30,26,2.1,0,0
Stasiun Klimatologi Mempawah,19-01-2010,24,30.6,26.8,2.1,0,0
 Stasiun Meteorologi Nangapinoh,21-02-2010,21.8,32.7,27.1,2.1,0,0
Stasiun Klimatologi Bogor,28-01-2009,22.7,30.8,25.8,2,0,0
Stasiun Meteorologi Maritim Tanjung Mas,20-01-2009,24.9,29.5,27.2,2,0,0
Stasiun Meteorologi Maritim Tanjung Mas,13-01-2010,24.5,30,27.4,2,0,0
Stasiun Meteorologi Maritim Tanjung Mas,14-02-2010,26,31.2,28.4,2,0,0
 Stasiun Meteorologi Nangapinoh,08-03-2010,23.6,34.5,28.7,2,0,0
Stasiun Klimatologi Mempawah,12-03-2010,24.6,31.6,27.2,2,0,0
Stasiun Klimatologi Bogor,07-01-2009,21.8,28.5,25,2,0,0
Stasiun Klimatologi Bogor,26-02-2009,23,30.4,26.4,2,0,0
Stasiun Meteorologi Maritim Tanjung Mas,10-01-2010,25.5,30.5,27.6,2,0,0
Stasiun Meteorologi Nangapinoh,18-03-2010,22.2,32,26.7,2,0,0
Stasiun Klimatologi Mempawah,02-01-2009,24.7,29.6,26.4,2,0,0
Stasiun Klimatologi Mempawah,08-01-2009,24,29.4,24.4,2,0,0
Stasiun Meteorologi Maritim Tanjung Mas,04-03-2009,24.4,30.5,26.8,2,0,0
Stasiun Klimatologi Bogor,07-03-2010,23.4,33.2,26,1.9,0,0
Stasiun Meteorologi Cilacap,10-03-2009,24.4,32.1,27.9,1.9,0,0
Stasiun Meteorologi Cilacap,12-02-2010,26,33,28.2,1.8,0,0
Stasiun Meteorologi Nangapinoh,26-02-2009,22.3,32.5,25.8,1.8,0,0
Stasiun Meteorologi Cilacap,27-03-2009,24,31.8,28.2,1.8,0,0
Stasiun Meteorologi Cilacap,05-02-2010,25.3,32.4,28.1,1.7,0,0
Stasiun Klimatologi Bogor,03-02-2010,23.4,31.9,25.9,1.7,0,0
Stasiun Meteorologi Nangapinoh,29-03-2009,22.2,34,27.4,1.7,0,0
Stasiun Klimatologi Bogor,18-01-2009,23,29.2,25.7,1.6,0,0
 Stasiun Meteorologi Nangapinoh,25-02-2010,21.5,31,26.3,1.6,0,0
Stasiun Klimatologi Bogor,20-02-2009,22.2,31.8,25.6,1.6,0,0
Stasiun Meteorologi Cilacap,08-01-2009,25,31,26.3,1.6,0,0
Stasiun Meteorologi Cilacap,25-02-2009,24.8,31.9,27.5,1.6,0,0
Stasiun Meteorologi Cilacap,05-01-2010,25.8,32,28.5,1.6,0,0
Stasiun Klimatologi Bogor,23-01-2009,22.4,30.8,26.4,1.5,0,0
Stasiun Klimatologi Bogor,30-01-2009,22.8,28.9,24.5,1.5,0,0
Stasiun Meteorologi Cilacap,31-01-2010,24.8,32.2,27.6,1.5,0,0
Stasiun Meteorologi Cilacap,31-01-2010,24.8,32.2,27.6,1.5,0,0
Stasiun Meteorologi Maritim Tanjung Mas,16-02-2009,24.4,29,26.6,1.5,0,0
Stasiun Klimatologi Mempawah,03-01-2010,24.6,31.4,27.6,1.5,0,0
Stasiun Klimatologi Mempawah,05-01-2010,22,30.1,25.2,1.5,0,0
 Stasiun Meteorologi Nangapinoh,23-02-2010,21.7,33.8,27.7,1.4,0,0
Stasiun Meteorologi Maritim Tanjung Mas,03-01-2009,24,31.2,27.6,1.4,0,0
Stasiun Meteorologi Nangapinoh,22-01-2009,24.2,27.8,25.8,1.3,0,0
Stasiun Meteorologi Nangapinoh,11-02-2010,24.5,34.2,28.9,1.3,0,0
Stasiun Meteorologi Maritim Tanjung Mas,10-03-2009,24.8,31.5,28.1,1.3,0,0
Stasiun Meteorologi Cilacap,18-01-2010,24.2,34.4,28.8,1.2,0,0
Stasiun Meteorologi Cilacap,27-01-2010,24.4,32,28.4,1.2,0,0
Stasiun Klimatologi Bogor,22-01-2010,22.4,30.7,23.7,1.2,0,0
 Stasiun Meteorologi Nangapinoh,13-03-2010,22.5,33.1,27.6,1.2,0,0
Stasiun Meteorologi Cilacap,16-02-2009,24.6,32.7,27.7,1.2,0,0
Stasiun Meteorologi Cilacap,03-01-2010,25.4,32.8,28.9,1.2,0,0
Stasiun Meteorologi Cilacap,18-01-2010,24.2,34.4,28.8,1.2,0,0
Stasiun Meteorologi Cilacap,27-01-2010,24.4,32,28.4,1.2,0,0
Stasiun Meteorologi Maritim Tanjung Mas,05-01-2010,24.2,31.5,28.5,1.2,0,0
Stasiun Klimatologi Mempawah,03-03-2009,24.2,31.8,27.1,1.2,0,0
Stasiun Klimatologi Mempawah,16-03-2009,24.7,30.1,26.8,1.2,0,0
Stasiun Klimatologi Mempawah,27-01-2009,23.2,29.8,25.2,1.1,0,0
Stasiun Meteorologi Maritim Tanjung Mas,09-02-2010,25.8,32,28.7,1.1,0,0
Stasiun Klimatologi Bogor,26-01-2010,24,29,26.1,1.1,0,0
Stasiun Klimatologi Bogor,11-01-2009,21.8,28,23.7,1.1,0,0
Stasiun Klimatologi Bogor,27-02-2009,23.6,30.4,26.3,1.1,0,0
Stasiun Klimatologi Mempawah,29-01-2009,24.1,26.6,24.7,1,0,0
Stasiun Meteorologi Cilacap,13-02-2010,25,32.4,27.2,1,0,0
Stasiun Klimatologi Mempawah,10-03-2010,23,31.8,25.4,1,0,0
Stasiun Meteorologi Cilacap,01-01-2009,24.8,31.8,27.9,1,0,0
 Stasiun Meteorologi Maritim Tanjung Mas,29-03-2010,25,31.8,27.7,1,0,0
Stasiun Meteorologi Nangapinoh,04-01-2010,23.8,32.4,26.4,1,0,0
Stasiun Meteorologi Nangapinoh,15-03-2010,22.3,33.2,26.8,1,0,0
Stasiun Klimatologi Mempawah,07-01-2009,24.2,30.5,26.1,1,0,0
Stasiun Klimatologi Bogor,05-03-2009,22.8,31.4,25.7,1,0,0
Stasiun Meteorologi Nangapinoh,16-01-2009,24.2,30.1,25.9,0.9,0,0
Stasiun Meteorologi Nangapinoh,21-01-2009,24.1,30.4,27,0.9,0,0
Stasiun Klimatologi Bogor,17-02-2009,22,31.8,25.8,0.9,0,0
Stasiun Klimatologi Mempawah,21-02-2009,24,31.5,26.8,0.9,0,0
Stasiun Klimatologi Bogor,01-02-2009,22.5,30,25.4,0.8,0,0
Stasiun Meteorologi Nangapinoh,02-02-2010,22.4,32,26,0.8,0,0
Stasiun Meteorologi Cilacap,04-02-2010,25.7,32.6,29.1,0.8,0,0
Stasiun Klimatologi Bogor,03-01-2009,21.2,31.5,25.8,0.8,0,0
Stasiun Meteorologi Cilacap,07-01-2009,24.4,32.2,27.6,0.8,0,0
Stasiun Meteorologi Maritim Tanjung Mas,08-01-2009,24.4,30.8,26.5,0.8,0,0
Stasiun Meteorologi Maritim Tanjung Mas,17-02-2009,25,30.4,27.2,0.8,0,0
Stasiun Klimatologi Mempawah,21-03-2010,24.2,31.5,27.2,0.8,0,0
Stasiun Meteorologi Nangapinoh,22-02-2009,23.5,31.4,26.4,0.8,0,0
Stasiun Meteorologi Nangapinoh,23-02-2009,23.2,31.7,26,0.8,0,0
Stasiun Meteorologi Nangapinoh,03-03-2009,24.2,34,27.8,0.8,0,0
Stasiun Meteorologi Nangapinoh,11-03-2009,23.5,31.3,26.3,0.8,0,0
Stasiun Klimatologi Bogor,02-03-2010,22.6,33.8,25.9,0.7,0,0
Stasiun Klimatologi Bogor,09-01-2010,22.6,29.4,25,0.7,0,0
Stasiun Meteorologi Maritim Tanjung Mas,11-01-2010,24.2,31.2,26.9,0.7,0,0
Stasiun Meteorologi Nangapinoh,17-02-2009,24.8,33.3,27.4,0.7,0,0
Stasiun Meteorologi Maritim Tanjung Mas,17-01-2009,24.8,29.6,27.2,0.6,0,0
Stasiun Meteorologi Cilacap,01-02-2010,24.6,30.2,27.3,0.6,0,0
Stasiun Meteorologi Cilacap,01-01-2010,25.4,31.8,28.6,0.6,0,0
Stasiun Meteorologi Cilacap,29-03-2010,25.2,32.1,28.3,0.6,0,0
Stasiun Meteorologi Nangapinoh,15-03-2009,23.2,32,27,0.6,0,0
Stasiun Klimatologi Mempawah,10-03-2009,23.3,28.7,25.6,0.6,0,0
Stasiun Klimatologi Mempawah,14-03-2009,23.8,28.7,26,0.6,0,0
Stasiun Klimatologi Mempawah,26-03-2009,23.3,31.7,26.9,0.6,0,0
Stasiun Klimatologi Mempawah,16-01-2009,24.4,29.4,26.5,0.5,0,0
Stasiun Klimatologi Mempawah,20-01-2010,23.2,32.6,27.2,0.5,0,0
Stasiun Klimatologi Mempawah,31-01-2010,24.4,31,26.6,0.5,0,0
Stasiun Meteorologi Maritim Tanjung Mas,03-02-2010,25.6,30.4,27.3,0.5,0,0
Stasiun Meteorologi Cilacap,22-01-2010,24.3,34.8,27.3,0.5,0,0
Stasiun Klimatologi Bogor,21-02-2010,22.2,32.2,26.1,0.5,0,0
Stasiun Klimatologi Bogor,01-01-2009,23.2,30.1,26.2,0.5,0,0
Stasiun Klimatologi Bogor,01-01-2010,22.8,31.6,26.4,0.5,0,0
Stasiun Meteorologi Cilacap,22-01-2010,24.3,34.8,27.3,0.5,0,0
Stasiun Meteorologi Maritim Tanjung Mas,10-01-2009,24.4,29.4,26,0.5,0,0
Stasiun Meteorologi Maritim Tanjung Mas,24-02-2009,25.2,30.6,27.1,0.5,0,0
 Stasiun Meteorologi Maritim Tanjung Mas,15-03-2010,25.6,32.8,29,0.5,0,0
 Stasiun Meteorologi Maritim Tanjung Mas,20-03-2010,25,31.8,28.2,0.5,0,0
Stasiun Klimatologi Mempawah,18-03-2010,24.5,32.4,26.8,0.5,0,0
Stasiun Meteorologi Nangapinoh,02-03-2009,23.4,31.4,27.6,0.5,0,0
Stasiun Klimatologi Mempawah,23-03-2009,22.8,31,25.9,0.5,0,0
Stasiun Klimatologi Mempawah,31-03-2009,25,30.2,26.5,0.5,0,0
Stasiun Klimatologi Mempawah,31-01-2009,24.2,29.8,26.4,0.4,0,0
Stasiun Klimatologi Mempawah,02-03-2010,23.8,31.7,27.3,0.4,0,0
Stasiun Klimatologi Bogor,08-01-2009,22.1,29,24.9,0.4,0,0
Stasiun Klimatologi Bogor,10-01-2009,22.2,28.3,25,0.4,0,0
 Stasiun Klimatologi Bogor,17-03-2009,20.8,33.6,27,0.4,0,0
Stasiun Meteorologi Cilacap,09-01-2010,24,30.8,26.1,0.4,0,0
 Stasiun Meteorologi Maritim Tanjung Mas,21-03-2010,26.3,31.8,28.5,0.4,0,0
Stasiun Klimatologi Mempawah,24-03-2009,22.8,31.6,26.2,0.4,0,0
Stasiun Meteorologi Cilacap,29-03-2009,25,31.9,27.5,0.4,0,0
Stasiun Klimatologi Bogor,02-03-2009,22.6,31.8,27.6,0.4,0,0
Stasiun Klimatologi Bogor,17-03-2009,20.8,33.6,27,0.4,0,0
Stasiun Meteorologi Maritim Tanjung Mas,30-01-2009,24.4,28.6,26.8,0.3,0,0
Stasiun Meteorologi Maritim Tanjung Mas,05-02-2009,23.6,28.5,25.8,0.3,0,0
Stasiun Meteorologi Maritim Tanjung Mas,16-01-2010,25,28,26.9,0.3,0,0
Stasiun Meteorologi Cilacap,13-03-2010,25.3,32.4,28.7,0.3,0,0
Stasiun Meteorologi Maritim Tanjung Mas,18-02-2010,26,31,28.4,0.3,0,0
Stasiun Klimatologi Bogor,15-02-2009,22.8,29.6,25.4,0.3,0,0
Stasiun Klimatologi Bogor,18-02-2009,23.2,31.6,25.9,0.3,0,0
Stasiun Meteorologi Cilacap,11-01-2009,23.3,32,27.3,0.3,0,0
Stasiun Meteorologi Maritim Tanjung Mas,26-03-2009,23.4,31.6,27.6,0.3,0,0
Stasiun Meteorologi Cilacap,07-03-2009,24,31.4,28.1,0.3,0,0
Stasiun Meteorologi Maritim Tanjung Mas,29-01-2009,25.1,30,27.2,0.2,0,0
Stasiun Meteorologi Maritim Tanjung Mas,11-02-2009,24.4,29.2,26.2,0.2,0,0
Stasiun Meteorologi Maritim Tanjung Mas,13-02-2009,24.4,30.4,26.8,0.2,0,0
Stasiun Meteorologi Cilacap,06-02-2010,24.7,29.4,26.5,0.2,0,0
Stasiun Klimatologi Bogor,30-01-2010,23.8,30,26.2,0.2,0,0
Stasiun Klimatologi Bogor,28-02-2010,24.3,33.5,26.9,0.2,0,0
Stasiun Klimatologi Mempawah,09-03-2010,24.2,32.3,26.5,0.2,0,0
 Stasiun Klimatologi Bogor,25-03-2009,21.4,32.4,26.2,0.2,0,0
Stasiun Klimatologi Bogor,05-01-2010,23.6,32.6,26,0.2,0,0
Stasiun Meteorologi Maritim Tanjung Mas,07-01-2009,24.8,30.6,28,0.2,0,0
Stasiun Meteorologi Nangapinoh,25-02-2009,23.1,31.1,26,0.2,0,0
Stasiun Klimatologi Mempawah,17-03-2009,24.3,29.6,25.4,0.2,0,0
Stasiun Klimatologi Bogor,25-03-2009,21.4,32.4,26.2,0.2,0,0
Stasiun Klimatologi Bogor,27-01-2009,22.2,29.5,25.5,0.1,0,0
Stasiun Meteorologi Maritim Tanjung Mas,06-02-2010,24.6,29,26,0.1,0,0
Stasiun Klimatologi Mempawah,21-02-2010,24.1,32.6,27.4,0.1,0,0
Stasiun Meteorologi Cilacap,04-01-2010,25.4,32.2,28.3,0.1,0,0
Stasiun Klimatologi Bogor,24-01-2009,23.4,31.2,25.7,0,0,0
Stasiun Klimatologi Bogor,11-02-2009,22.4,30.4,25.3,0,0,0
Stasiun Meteorologi Cilacap,08-02-2009,23.4,33.2,27.8,0,0,0
Stasiun Meteorologi Cilacap,09-02-2009,23.2,33.4,27.8,0,0,0
Stasiun Meteorologi Cilacap,10-02-2009,23,32,28.1,0,0,0
Stasiun Meteorologi Cilacap,12-02-2009,25.2,31.4,27.6,0,0,0
Stasiun Meteorologi Cilacap,13-02-2009,25.2,30.6,27.5,0,0,0
Stasiun Meteorologi Maritim Tanjung Mas,18-01-2009,23.8,29.6,27.1,0,0,0
Stasiun Meteorologi Maritim Tanjung Mas,22-01-2009,25,30.2,27.3,0,0,0
Stasiun Meteorologi Maritim Tanjung Mas,23-01-2009,26.6,30,27.8,0,0,0
Stasiun Meteorologi Maritim Tanjung Mas,24-01-2009,24.8,30,27.7,0,0,0
Stasiun Meteorologi Nangapinoh,14-01-2009,23.2,30.7,25.5,0,0,0
Stasiun Meteorologi Nangapinoh,20-01-2009,23.9,31,26.9,0,0,0
Stasiun Meteorologi Nangapinoh,24-01-2009,23.4,31.6,26.1,0,0,0
Stasiun Meteorologi Nangapinoh,29-01-2009,22.4,30.6,25.5,0,0,0
Stasiun Meteorologi Nangapinoh,02-02-2009,22.6,31.5,26.1,0,0,0
Stasiun Meteorologi Nangapinoh,04-02-2009,22.7,30,25.9,0,0,0
Stasiun Meteorologi Nangapinoh,06-02-2009,21.7,30.5,25.3,0,0,0
Stasiun Meteorologi Nangapinoh,07-02-2009,22.6,32.2,26.4,0,0,0
Stasiun Meteorologi Nangapinoh,08-02-2009,23.2,33,26.7,0,0,0
Stasiun Meteorologi Nangapinoh,10-02-2009,23.8,32,26.9,0,0,0
Stasiun Meteorologi Nangapinoh,11-02-2009,23.8,32.1,27.4,0,0,0
Stasiun Meteorologi Nangapinoh,12-02-2009,23.2,31.7,27.1,0,0,0
Stasiun Meteorologi Nangapinoh,13-02-2009,22.2,32.4,27.3,0,0,0
Stasiun Klimatologi Mempawah,13-01-2009,24.1,29.2,26.1,0,0,0
Stasiun Klimatologi Mempawah,14-01-2009,23.7,29.4,25.9,0,0,0
Stasiun Klimatologi Mempawah,19-01-2009,23.8,30,26.1,0,0,0
Stasiun Klimatologi Mempawah,20-01-2009,23.9,30.2,26.7,0,0,0
Stasiun Klimatologi Mempawah,21-01-2009,23.1,30.2,26.6,0,0,0
Stasiun Klimatologi Mempawah,22-01-2009,24.7,30,26.7,0,0,0
Stasiun Klimatologi Mempawah,23-01-2009,24.8,29.7,26.6,0,0,0
Stasiun Klimatologi Mempawah,26-01-2009,23.3,29.4,25.5,0,0,0
Stasiun Klimatologi Mempawah,04-02-2009,23.9,29.4,26,0,0,0
Stasiun Klimatologi Mempawah,06-02-2009,23,30.5,26.4,0,0,0
Stasiun Klimatologi Mempawah,07-02-2009,22.8,29.9,26,0,0,0
Stasiun Klimatologi Mempawah,08-02-2009,23.4,31.4,26.3,0,0,0
Stasiun Klimatologi Mempawah,09-02-2009,23,30.4,25.7,0,0,0
Stasiun Klimatologi Mempawah,10-02-2009,22.9,29.2,25.5,0,0,0
Stasiun Klimatologi Mempawah,11-02-2009,23.5,29.3,25.9,0,0,0
Stasiun Klimatologi Mempawah,12-02-2009,23.9,29.8,26.3,0,0,0
Stasiun Klimatologi Mempawah,13-02-2009,23.6,30.9,26.5,0,0,0
Stasiun Klimatologi Mempawah,13-01-2010,24.6,30.2,26.6,0,0,0
Stasiun Klimatologi Mempawah,16-01-2010,25.2,30.9,27.5,0,0,0
Stasiun Klimatologi Mempawah,17-01-2010,23.2,30.8,26.8,0,0,0
Stasiun Klimatologi Mempawah,21-01-2010,24.6,32.4,27.4,0,0,0
Stasiun Klimatologi Mempawah,22-01-2010,24.8,31.6,27.4,0,0,0
Stasiun Klimatologi Mempawah,25-01-2010,25.2,30.6,26.1,0,0,0
Stasiun Klimatologi Mempawah,30-01-2010,24.1,31,26.6,0,0,0
Stasiun Klimatologi Mempawah,01-02-2010,24.2,30.1,26.9,0,0,0
Stasiun Klimatologi Mempawah,03-02-2010,24.5,31.6,27.4,0,0,0
Stasiun Klimatologi Mempawah,04-02-2010,23.6,31.4,27.3,0,0,0
Stasiun Klimatologi Mempawah,05-02-2010,24.2,31.4,27,0,0,0
Stasiun Klimatologi Mempawah,07-02-2010,25.2,32.1,28.2,0,0,0
Stasiun Klimatologi Mempawah,09-02-2010,25.4,30.8,27.4,0,0,0
Stasiun Meteorologi Nangapinoh,13-01-2010,24.4,32.9,26,0,0,0
Stasiun Meteorologi Nangapinoh,20-01-2010,23.6,33.4,27.4,0,0,0
Stasiun Meteorologi Nangapinoh,24-01-2010,22,34.2,27.8,0,0,0
Stasiun Meteorologi Nangapinoh,04-02-2010,22.8,34.6,28.4,0,0,0
Stasiun Meteorologi Nangapinoh,05-02-2010,23.9,30.2,24.8,0,0,0
Stasiun Meteorologi Nangapinoh,07-02-2010,22,32.8,27.4,0,0,0
Stasiun Meteorologi Nangapinoh,09-02-2010,22,34.9,28.4,0,0,0
Stasiun Meteorologi Nangapinoh,10-02-2010,24.5,35,29,0,0,0
Stasiun Klimatologi Mempawah,04-02-2009,23.9,29.4,26,0,0,0
Stasiun Klimatologi Mempawah,06-02-2009,23,30.5,26.4,0,0,0
Stasiun Klimatologi Mempawah,07-02-2009,22.8,29.9,26,0,0,0
Stasiun Klimatologi Mempawah,08-02-2009,23.4,31.4,26.3,0,0,0
Stasiun Klimatologi Mempawah,09-02-2009,23,30.4,25.7,0,0,0
Stasiun Klimatologi Mempawah,10-02-2009,22.9,29.2,25.5,0,0,0
Stasiun Klimatologi Mempawah,11-02-2009,23.5,29.3,25.9,0,0,0
Stasiun Klimatologi Mempawah,12-02-2009,23.9,29.8,26.3,0,0,0
Stasiun Klimatologi Mempawah,13-02-2009,23.6,30.9,26.5,0,0,0
Stasiun Meteorologi Maritim Tanjung Mas,21-01-2010,25.2,30.2,27.2,0,0,0
Stasiun Meteorologi Maritim Tanjung Mas,22-01-2010,25,29.6,27.5,0,0,0
Stasiun Meteorologi Maritim Tanjung Mas,24-01-2010,24.8,30.6,28.1,0,0,0
Stasiun Meteorologi Maritim Tanjung Mas,26-01-2010,24.4,29.8,27.4,0,0,0
Stasiun Meteorologi Maritim Tanjung Mas,01-02-2010,24.8,30.2,27.2,0,0,0
Stasiun Meteorologi Maritim Tanjung Mas,02-02-2010,23.2,32.4,28.4,0,0,0
Stasiun Meteorologi Maritim Tanjung Mas,04-02-2010,25.2,30.4,28.1,0,0,0
Stasiun Meteorologi Maritim Tanjung Mas,08-02-2010,25.4,31,28.2,0,0,0
Stasiun Meteorologi Maritim Tanjung Mas,10-02-2010,26,33.6,28.6,0,0,0
Stasiun Meteorologi Cilacap,14-01-2010,24.8,32.6,28,0,0,0
Stasiun Meteorologi Cilacap,17-01-2010,24.3,33.9,27.2,0,0,0
Stasiun Meteorologi Cilacap,24-01-2010,24.8,30.4,28.1,0,0,0
Stasiun Meteorologi Cilacap,09-02-2010,25,32,27.2,0,0,0
Stasiun Klimatologi Bogor,27-01-2010,23.2,31.9,25.6,0,0,0
Stasiun Klimatologi Bogor,06-02-2010,23.5,31.6,25.9,0,0,0
Stasiun Klimatologi Bogor,22-02-2010,23.2,33.8,26.4,0,0,0
Stasiun Klimatologi Bogor,27-02-2010,23.6,33.6,26.8,0,0,0
Stasiun Klimatologi Bogor,06-03-2010,23.3,32.5,26.2,0,0,0
Stasiun Klimatologi Bogor,13-03-2010,22.2,32.1,25.4,0,0,0
Stasiun Meteorologi Cilacap,16-02-2010,24.6,32,28.3,0,0,0
Stasiun Meteorologi Cilacap,23-02-2010,25.2,33.5,28.9,0,0,0
Stasiun Meteorologi Cilacap,24-02-2010,25,32.8,28.3,0,0,0
Stasiun Meteorologi Cilacap,03-03-2010,26.1,32.6,29.5,0,0,0
Stasiun Meteorologi Cilacap,06-03-2010,25,34.3,28.8,0,0,0
Stasiun Meteorologi Cilacap,09-03-2010,25,32.8,29,0,0,0
Stasiun Meteorologi Cilacap,12-03-2010,24.5,31.7,28,0,0,0
Stasiun Meteorologi Maritim Tanjung Mas,15-02-2010,25.2,33.4,28.7,0,0,0
Stasiun Meteorologi Maritim Tanjung Mas,17-02-2010,26,31.6,28.4,0,0,0
Stasiun Meteorologi Maritim Tanjung Mas,19-02-2010,23.6,31.4,27.9,0,0,0
Stasiun Meteorologi Maritim Tanjung Mas,23-02-2010,26,31,28,0,0,0
Stasiun Meteorologi Maritim Tanjung Mas,26-02-2010,24,32,28.7,0,0,0
Stasiun Meteorologi Maritim Tanjung Mas,27-02-2010,26.6,32.2,28.9,0,0,0
Stasiun Meteorologi Maritim Tanjung Mas,28-02-2010,26.4,31.5,29,0,0,0
Stasiun Meteorologi Maritim Tanjung Mas,01-03-2010,25.4,32,28.4,0,0,0
Stasiun Meteorologi Maritim Tanjung Mas,02-03-2010,25.8,31.4,28.1,0,0,0
Stasiun Meteorologi Maritim Tanjung Mas,03-03-2010,26.4,31.8,28.7,0,0,0
Stasiun Meteorologi Maritim Tanjung Mas,04-03-2010,24,32,29.5,0,0,0
Stasiun Meteorologi Maritim Tanjung Mas,06-03-2010,26.4,31.2,28.4,0,0,0
Stasiun Meteorologi Maritim Tanjung Mas,08-03-2010,25,32.4,28.4,0,0,0
Stasiun Meteorologi Maritim Tanjung Mas,09-03-2010,24.8,31.6,28.6,0,0,0
Stasiun Meteorologi Maritim Tanjung Mas,12-03-2010,25.4,31.4,28,0,0,0
Stasiun Meteorologi Maritim Tanjung Mas,14-03-2010,26.7,33.8,29.8,0,0,0
 Stasiun Meteorologi Nangapinoh,15-02-2010,23.6,32,26,0,0,0
 Stasiun Meteorologi Nangapinoh,26-02-2010,23.8,35.2,28.3,0,0,0
 Stasiun Meteorologi Nangapinoh,27-02-2010,23.9,35,28.1,0,0,0
 Stasiun Meteorologi Nangapinoh,28-02-2010,23.8,34.4,28.2,0,0,0
 Stasiun Meteorologi Nangapinoh,04-03-2010,24,34.8,28.2,0,0,0
 Stasiun Meteorologi Nangapinoh,06-03-2010,23.8,32.8,28.3,0,0,0
 Stasiun Meteorologi Nangapinoh,07-03-2010,23.7,34.5,28.4,0,0,0
 Stasiun Meteorologi Nangapinoh,10-03-2010,23.8,32.7,26.7,0,0,0
Stasiun Klimatologi Mempawah,24-02-2010,25.3,32,28.1,0,0,0
Stasiun Klimatologi Mempawah,25-02-2010,24.7,32.1,27.9,0,0,0
Stasiun Klimatologi Mempawah,26-02-2010,25.7,31.9,28.3,0,0,0
Stasiun Klimatologi Mempawah,27-02-2010,25.6,31.5,28.1,0,0,0
Stasiun Klimatologi Mempawah,03-03-2010,25,31.9,28.1,0,0,0
Stasiun Klimatologi Mempawah,04-03-2010,25,31.4,27.8,0,0,0
Stasiun Klimatologi Mempawah,05-03-2010,24.7,30.2,27.1,0,0,0
Stasiun Klimatologi Mempawah,06-03-2010,24.1,31.5,27.5,0,0,0
Stasiun Klimatologi Mempawah,07-03-2010,25.6,31.6,28.1,0,0,0
Stasiun Klimatologi Mempawah,08-03-2010,25.1,32,27.7,0,0,0
Stasiun Klimatologi Mempawah,14-03-2010,25.6,31,27.6,0,0,0
Stasiun Klimatologi Bogor,04-01-2009,20.4,33,25.8,0,0,0
Stasiun Klimatologi Bogor,05-01-2009,19.8,32,25.2,0,0,0
Stasiun Klimatologi Bogor,06-01-2009,20.2,29.6,23.9,0,0,0
 Stasiun Klimatologi Bogor,18-03-2009,21.2,33,26.6,0,0,0
 Stasiun Klimatologi Bogor,19-03-2009,21.3,31.8,25.2,0,0,0
 Stasiun Klimatologi Bogor,21-03-2009,21.6,32.4,26.1,0,0,0
 Stasiun Klimatologi Bogor,22-03-2009,22.2,32.5,25.6,0,0,0
Stasiun Klimatologi Bogor,04-01-2010,23.8,31.9,26.6,0,0,0
Stasiun Meteorologi Cilacap,04-01-2009,24.2,31.6,28.1,0,0,0
Stasiun Meteorologi Cilacap,05-01-2009,24.2,32.4,28.7,0,0,0
Stasiun Meteorologi Cilacap,06-01-2009,24.1,32.4,28,0,0,0
Stasiun Meteorologi Cilacap,12-01-2009,24.6,30,26.9,0,0,0
Stasiun Meteorologi Cilacap,14-02-2009,24.6,32.7,27.7,0,0,0
Stasiun Meteorologi Cilacap,15-02-2009,25,31.5,27.1,0,0,0
Stasiun Meteorologi Cilacap,17-02-2009,24.8,32.9,27.2,0,0,0
Stasiun Meteorologi Cilacap,20-02-2009,23.9,32.2,27.9,0,0,0
Stasiun Meteorologi Cilacap,21-02-2009,24,31.8,27.2,0,0,0
Stasiun Meteorologi Cilacap,28-02-2009,25.2,31.8,28.5,0,0,0
Stasiun Meteorologi Cilacap,06-01-2010,25.4,32.2,27.6,0,0,0
Stasiun Meteorologi Cilacap,08-01-2010,24.8,31.6,27.2,0,0,0
Stasiun Meteorologi Cilacap,14-01-2010,24.8,32.6,28,0,0,0
Stasiun Meteorologi Cilacap,17-01-2010,24.3,33.9,27.2,0,0,0
Stasiun Meteorologi Cilacap,24-01-2010,24.8,30.4,28.1,0,0,0
Stasiun Meteorologi Cilacap,16-03-2010,24.9,31.1,27.3,0,0,0
Stasiun Meteorologi Cilacap,17-03-2010,25.4,32.6,27.6,0,0,0
Stasiun Meteorologi Cilacap,24-03-2010,25,32.6,29.1,0,0,0
Stasiun Meteorologi Cilacap,26-03-2010,26.4,33.4,28.5,0,0,0
Stasiun Meteorologi Maritim Tanjung Mas,04-01-2009,25.7,30.6,28.1,0,0,0
Stasiun Meteorologi Maritim Tanjung Mas,18-02-2009,25.2,30.4,27.1,0,0,0
Stasiun Meteorologi Maritim Tanjung Mas,19-02-2009,26,30.2,27.6,0,0,0
Stasiun Meteorologi Maritim Tanjung Mas,20-02-2009,25.2,30.2,27.8,0,0,0
Stasiun Meteorologi Maritim Tanjung Mas,21-02-2009,25,30.4,27,0,0,0
Stasiun Meteorologi Maritim Tanjung Mas,23-02-2009,25,30.2,27.2,0,0,0
Stasiun Meteorologi Maritim Tanjung Mas,25-02-2009,23.6,30.4,27.3,0,0,0
Stasiun Meteorologi Maritim Tanjung Mas,01-01-2010,26,31,28.8,0,0,0
Stasiun Meteorologi Maritim Tanjung Mas,02-01-2010,25.4,31.6,28.6,0,0,0
Stasiun Meteorologi Maritim Tanjung Mas,03-01-2010,25,31.8,28.5,0,0,0
Stasiun Meteorologi Maritim Tanjung Mas,08-01-2010,25,30.2,27.6,0,0,0
 Stasiun Meteorologi Maritim Tanjung Mas,14-03-2010,26.7,33.8,29.8,0,0,0
 Stasiun Meteorologi Maritim Tanjung Mas,16-03-2010,24.8,32.8,28.8,0,0,0
 Stasiun Meteorologi Maritim Tanjung Mas,17-03-2010,24.6,31.4,27,0,0,0
 Stasiun Meteorologi Maritim Tanjung Mas,23-03-2010,25,32.8,28.9,0,0,0
 Stasiun Meteorologi Maritim Tanjung Mas,27-03-2010,26,31.2,28.6,0,0,0
 Stasiun Meteorologi Maritim Tanjung Mas,28-03-2010,25.2,30.4,27.5,0,0,0
Stasiun Meteorologi Nangapinoh,03-01-2010,23.5,32.9,27.8,0,0,0
Stasiun Meteorologi Nangapinoh,07-01-2010,22.7,30.3,26.5,0,0,0
Stasiun Meteorologi Nangapinoh,09-01-2010,23,31.8,27,0,0,0
Stasiun Meteorologi Nangapinoh,10-01-2010,25.3,30.8,26.1,0,0,0
Stasiun Meteorologi Nangapinoh,12-01-2010,23.6,32.2,26.7,0,0,0
Stasiun Meteorologi Nangapinoh,22-03-2010,23.4,33.2,27.4,0,0,0
Stasiun Meteorologi Nangapinoh,23-03-2010,23.5,33.5,28.7,0,0,0
Stasiun Meteorologi Nangapinoh,26-03-2010,23.6,33.8,27.6,0,0,0
Stasiun Meteorologi Nangapinoh,30-03-2010,23,33.1,27.1,0,0,0
Stasiun Klimatologi Mempawah,14-02-2009,23.8,30.8,26.8,0,0,0
Stasiun Klimatologi Mempawah,15-02-2009,24.3,30,25.9,0,0,0
Stasiun Klimatologi Mempawah,17-02-2009,23.7,31.1,26.8,0,0,0
Stasiun Klimatologi Mempawah,18-02-2009,24.9,30.7,27.2,0,0,0
Stasiun Klimatologi Mempawah,19-02-2009,24.2,31.2,27.1,0,0,0
Stasiun Klimatologi Mempawah,20-02-2009,23.8,31.4,26.6,0,0,0
Stasiun Klimatologi Mempawah,22-02-2009,23.4,31.1,26.5,0,0,0
Stasiun Klimatologi Mempawah,27-02-2009,23.5,31.2,26.6,0,0,0
Stasiun Klimatologi Mempawah,28-02-2009,23.8,30.8,26.7,0,0,0
Stasiun Klimatologi Mempawah,07-01-2010,23.9,31.2,27.1,0,0,0
Stasiun Klimatologi Mempawah,08-01-2010,24.1,32.3,27.1,0,0,0
Stasiun Klimatologi Mempawah,09-01-2010,23.8,31.5,26.9,0,0,0
Stasiun Klimatologi Mempawah,10-01-2010,24,30.9,26.9,0,0,0
Stasiun Klimatologi Mempawah,11-01-2010,23.4,30.3,26.6,0,0,0
Stasiun Klimatologi Mempawah,12-01-2010,23.4,31.1,26.6,0,0,0
Stasiun Klimatologi Mempawah,13-01-2010,24.6,30.2,26.6,0,0,0
Stasiun Klimatologi Mempawah,14-03-2010,25.6,31,27.6,0,0,0
Stasiun Klimatologi Mempawah,23-03-2010,25.2,31.8,27.9,0,0,0
Stasiun Klimatologi Mempawah,24-03-2010,25,31.6,28.1,0,0,0
Stasiun Klimatologi Mempawah,25-03-2010,25,32.9,28.5,0,0,0
Stasiun Klimatologi Mempawah,26-03-2010,25,31.3,26.9,0,0,0
Stasiun Klimatologi Mempawah,28-03-2010,24.4,31.3,27.2,0,0,0
Stasiun Klimatologi Mempawah,30-03-2010,24.2,31.6,27.8,0,0,0
Stasiun Meteorologi Nangapinoh,02-02-2009,22.6,31.5,26.1,0,0,0
Stasiun Meteorologi Nangapinoh,04-02-2009,22.7,30,25.9,0,0,0
Stasiun Meteorologi Nangapinoh,06-02-2009,21.7,30.5,25.3,0,0,0
Stasiun Meteorologi Nangapinoh,07-02-2009,22.6,32.2,26.4,0,0,0
Stasiun Meteorologi Nangapinoh,08-02-2009,23.2,33,26.7,0,0,0
Stasiun Meteorologi Nangapinoh,10-02-2009,23.8,32,26.9,0,0,0
Stasiun Meteorologi Nangapinoh,11-02-2009,23.8,32.1,27.4,0,0,0
Stasiun Meteorologi Nangapinoh,12-02-2009,23.2,31.7,27.1,0,0,0
Stasiun Meteorologi Nangapinoh,13-02-2009,22.2,32.4,27.3,0,0,0
Stasiun Meteorologi Nangapinoh,16-02-2009,23.5,34,28.2,0,0,0
Stasiun Meteorologi Nangapinoh,18-02-2009,23.1,34.7,27.7,0,0,0
Stasiun Meteorologi Nangapinoh,19-02-2009,23,34.4,26.2,0,0,0
Stasiun Meteorologi Nangapinoh,28-02-2009,23.2,32.6,27.5,0,0,0
Stasiun Meteorologi Nangapinoh,05-03-2009,23.4,34.5,27.3,0,0,0
Stasiun Meteorologi Nangapinoh,06-03-2009,22.8,34,27.2,0,0,0
Stasiun Meteorologi Nangapinoh,19-03-2009,22.3,33.2,28,0,0,0
Stasiun Meteorologi Nangapinoh,21-03-2009,22.6,34,25.8,0,0,0
Stasiun Meteorologi Nangapinoh,25-03-2009,23.4,33.6,27.4,0,0,0
Stasiun Meteorologi Nangapinoh,26-03-2009,22,33.4,26.4,0,0,0
Stasiun Meteorologi Nangapinoh,30-03-2009,22.2,34.6,28.8,0,0,0
Stasiun Klimatologi Mempawah,01-03-2009,24.2,31.1,27.3,0,0,0
Stasiun Klimatologi Mempawah,02-03-2009,24.8,31.6,27.6,0,0,0
Stasiun Klimatologi Mempawah,04-03-2009,24.2,32,27.2,0,0,0
Stasiun Klimatologi Mempawah,05-03-2009,24.4,32.1,27.7,0,0,0
Stasiun Klimatologi Mempawah,12-03-2009,23.8,31.4,26.8,0,0,0
Stasiun Klimatologi Mempawah,19-03-2009,23.3,32,27.3,0,0,0
Stasiun Klimatologi Mempawah,20-03-2009,23.2,31.4,25.8,0,0,0
Stasiun Klimatologi Mempawah,21-03-2009,22.7,31.5,27.2,0,0,0
Stasiun Klimatologi Mempawah,22-03-2009,24.3,30.6,25.9,0,0,0
Stasiun Klimatologi Mempawah,27-03-2009,23.4,31.3,27.1,0,0,0
Stasiun Klimatologi Mempawah,30-03-2009,22.6,32.3,27.1,0,0,0
Stasiun Meteorologi Maritim Tanjung Mas,02-03-2009,25.6,30.8,27.8,0,0,0
Stasiun Meteorologi Maritim Tanjung Mas,03-03-2009,25.6,30.4,28.1,0,0,0
Stasiun Meteorologi Maritim Tanjung Mas,07-03-2009,25.6,31,27.6,0,0,0
Stasiun Meteorologi Maritim Tanjung Mas,08-03-2009,24.5,31,26.8,0,0,0
Stasiun Meteorologi Maritim Tanjung Mas,11-03-2009,25.4,31.2,27.8,0,0,0
Stasiun Meteorologi Maritim Tanjung Mas,12-03-2009,25,31.5,28.2,0,0,0
Stasiun Meteorologi Maritim Tanjung Mas,14-03-2009,24.5,31,27.5,0,0,0
Stasiun Meteorologi Maritim Tanjung Mas,15-03-2009,24.8,32.6,28.3,0,0,0
Stasiun Meteorologi Maritim Tanjung Mas,16-03-2009,25.1,31.6,28.2,0,0,0
Stasiun Meteorologi Maritim Tanjung Mas,17-03-2009,25.3,31.5,28.5,0,0,0
Stasiun Meteorologi Maritim Tanjung Mas,18-03-2009,25.6,31.5,28.3,0,0,0
Stasiun Meteorologi Maritim Tanjung Mas,19-03-2009,26.2,31.8,28.5,0,0,0
Stasiun Meteorologi Maritim Tanjung Mas,20-03-2009,26,31.8,28.9,0,0,0
Stasiun Meteorologi Maritim Tanjung Mas,21-03-2009,24.6,31,28.4,0,0,0
Stasiun Meteorologi Maritim Tanjung Mas,22-03-2009,24.3,30.6,26.1,0,0,0
Stasiun Meteorologi Maritim Tanjung Mas,24-03-2009,25,33,28.1,0,0,0
Stasiun Meteorologi Maritim Tanjung Mas,25-03-2009,24.2,33.5,29,0,0,0
Stasiun Meteorologi Maritim Tanjung Mas,27-03-2009,25.4,32.8,28.6,0,0,0
Stasiun Meteorologi Maritim Tanjung Mas,29-03-2009,24.6,32,28.2,0,0,0
Stasiun Meteorologi Maritim Tanjung Mas,30-03-2009,25.2,31.5,28.2,0,0,0
Stasiun Meteorologi Maritim Tanjung Mas,31-03-2009,26.1,31.6,28.6,0,0,0
Stasiun Meteorologi Cilacap,01-03-2009,25.6,33.4,28.3,0,0,0
Stasiun Meteorologi Cilacap,04-03-2009,24.9,31.5,27.2,0,0,0
Stasiun Meteorologi Cilacap,05-03-2009,25,30.6,27.3,0,0,0
Stasiun Meteorologi Cilacap,08-03-2009,25.2,31.7,27.2,0,0,0
Stasiun Meteorologi Cilacap,11-03-2009,25,31.8,28.2,0,0,0
Stasiun Meteorologi Cilacap,14-03-2009,24.3,31.8,28,0,0,0
Stasiun Meteorologi Cilacap,15-03-2009,25.4,31.8,28.4,0,0,0
Stasiun Meteorologi Cilacap,17-03-2009,24.7,32.4,28.1,0,0,0
Stasiun Meteorologi Cilacap,18-03-2009,24.8,33.4,28.5,0,0,0
Stasiun Meteorologi Cilacap,19-03-2009,24.6,32.8,28.4,0,0,0
Stasiun Meteorologi Cilacap,23-03-2009,24,31.8,27.7,0,0,0
Stasiun Meteorologi Cilacap,24-03-2009,24.2,31.8,28.1,0,0,0
Stasiun Meteorologi Cilacap,25-03-2009,25.4,31.8,28.6,0,0,0
Stasiun Meteorologi Cilacap,31-03-2009,23.4,31.7,27.6,0,0,0
Stasiun Klimatologi Bogor,03-03-2009,22.2,31.6,26.3,0,0,0
Stasiun Klimatologi Bogor,07-03-2009,22.6,32.4,26.3,0,0,0
Stasiun Klimatologi Bogor,09-03-2009,22.4,32.5,25.9,0,0,0
Stasiun Klimatologi Bogor,18-03-2009,21.2,33,26.6,0,0,0
Stasiun Klimatologi Bogor,19-03-2009,21.3,31.8,25.2,0,0,0
Stasiun Klimatologi Bogor,21-03-2009,21.6,32.4,26.1,0,0,0
Stasiun Klimatologi Bogor,22-03-2009,22.2,32.5,25.6,0,0,0